,usuario_1,usuario_2,usuario_3,usuario_4,usuario_5,usuario_6,usuario_7,usuario_8,usuario_9,usuario_10,Productos
0,5.0,5.0,4.0,5.0,5.0,5.0,4.0,4.0,5.0,5.0,The Ordinary Natural Moisturizing Factors + HA
1,4.0,5.0,5.0,5.0,5.0,5.0,4.0,5.0,5.0,4.0,CeraVe Eye Repair Cream
2,5.0,5.0,3.0,5.0,4.0,3.0,5.0,5.0,5.0,5.0,"Dear, Klairs Supple Preparation Unscented Toner"
3,5.0,5.0,5.0,5.0,5.0,3.0,4.0,3.0,5.0,3.0,"Dear, Klairs Freshly Juiced Vitamin Drop"
4,5.0,3.0,5.0,5.0,1.0,1.0,1.0,5.0,5.0,5.0,Biossance Squalane + Peptide Eye Gel
5,5.0,5.0,5.0,5.0,5.0,5.0,5.0,5.0,5.0,5.0,Hada Labo Gokujyun Premium Lotion
6,4.0,5.0,4.6,4.7,4.6,4.7,4.4,4.4,,,Clinique Moisture Surge 72-Hour Auto-Replenishing Hydrator
7,5.0,5.0,4.6,4.7,4.6,4.7,4.4,4.4,,,Clinique Moisture Surge™ 100-Hour Auto-Replenishing Hydrator
8,5.0,5.0,5.0,5.0,5.0,5.0,5.0,5.0,5.0,5.0,ma:nyo Bifida Biome Aqua Barrier Cream
9,5.0,5.0,5.0,5.0,5.0,5.0,3.0,3.0,3.0,5.0,NourishMax Youth Recovery & Blemish Defense Night Serum
10,5.0,4.0,5.0,5.0,5.0,4.0,5.0,5.0,5.0,5.0,"Dear, Klairs Supple Preparation Facial Toner"
11,4.0,5.0,5.0,5.0,5.0,5.0,4.0,5.0,5.0,5.0,Goodal Green Tangerine Vita C Dark Spot Serum
12,4.0,5.0,5.0,4.0,3.0,4.0,4.0,5.0,4.0,4.0,Naturium Skincare Vitamin C Super Serum Plus
13,5.0,5.0,5.0,5.0,4.0,5.0,5.0,5.0,5.0,5.0,Rovectin Cica Care Clearing Ampoule
14,5.0,5.0,4.0,5.0,5.0,4.0,5.0,5.0,5.0,5.0,Missha Vita C Plus Spot Correcting & Firming Ampoule
15,5.0,4.6,4.7,4.6,4.7,4.4,4.4,,,,Sallve Hidratante Firmador
16,4.0,5.0,5.0,5.0,5.0,5.0,4.0,5.0,5.0,4.0,COSRX Galactomyces 95 Tone Balancing Essence
17,5.0,4.6,4.7,4.6,4.7,4.4,4.4,,,,Glow Recipe Avocado Ceramide Redness Relief Serum
18,5.0,5.0,5.0,5.0,4.0,5.0,5.0,5.0,5.0,4.0,Physician's Formula Skin Booster Vitamin Shot Time Restoring
19,5.0,5.0,5.0,5.0,5.0,3.0,4.0,3.0,5.0,3.0,Sweet Chef Beet Vitamin A Serum Shot
20,4.0,5.0,5.0,5.0,4.0,4.0,5.0,5.0,5.0,4.0,Missha Vita C Plus Brightening Toner
21,5.0,4.0,5.0,4.0,5.0,4.0,4.0,5.0,4.0,5.0,Round Lab Birch Juice Moisturizing Toner
22,5.0,5.0,5.0,4.0,4.0,5.0,5.0,5.0,5.0,4.0,ma:nyo Bifida Biome Complex Ampoule
23,5.0,5.0,5.0,5.0,4.0,4.0,5.0,5.0,5.0,5.0,Elizabeth Arden Visible Difference Eye Cream
24,5.0,5.0,4.6,4.7,4.6,4.7,4.4,4.4,,,ma:nyo Bifida Biome Ampoule Toner
25,4.0,5.0,5.0,4.0,3.0,4.0,4.0,5.0,4.0,4.0,Good Molecules Glycolic Exfoliating Toner
26,5.0,5.0,5.0,5.0,4.0,5.0,5.0,5.0,5.0,5.0,"Dear, Klairs Rich Moist Soothing Serum"
27,5.0,5.0,4.0,5.0,4.0,5.0,5.0,5.0,5.0,5.0,Doa Kozmetik Tetrahexyldecyl Ascorbate 10% Serum
28,5.0,5.0,5.0,5.0,5.0,5.0,4.0,5.0,4.0,5.0,Drunk Elephant C-Firma™ Fresh Day Serum
29,5.0,5.0,5.0,5.0,5.0,5.0,4.0,4.0,4.0,4.0,Doa Kozmetik Ascorbyl Tetraisopalmitate 5% Serum
30,5.0,4.0,5.0,2.0,5.0,5.0,5.0,2.0,5.0,5.0,Doa Kozmetik Tetrahexyldecyl Ascorbate 5% Serum
31,5.0,4.0,2.0,5.0,4.0,5.0,5.0,5.0,4.0,5.0,Naturium Skincare Vitamin K Liposome Serum 3%
32,5.0,5.0,4.0,3.0,5.0,5.0,5.0,4.0,5.0,5.0,ma:nyo Galactomy Essence Mist
33,5.0,5.0,5.0,5.0,4.0,5.0,5.0,5.0,5.0,4.0,Physician's Formula Skin Booster Vitamin Shot Brightening
34,5.0,5.0,5.0,5.0,5.0,5.0,5.0,5.0,5.0,5.0,BRTC Vitamin C-20 Antioxidant Ampoule
35,5.0,4.0,5.0,5.0,4.0,5.0,5.0,5.0,5.0,3.0,Rovectin Clean Forever Young Biome Ampoule
36,5.0,4.0,4.0,5.0,5.0,5.0,5.0,5.0,5.0,4.0,Grounded Sage Raw Radiance Facial Moisturizers
37,4.0,5.0,5.0,5.0,5.0,5.0,4.0,5.0,5.0,4.0,Bliss Youth Got This Prevent-4 + Pure Retinol Deep Hydration Moisturizer
38,5.0,5.0,5.0,5.0,4.0,4.0,5.0,5.0,5.0,5.0,Numbuzin No.3 Skin Softening Serum
39,5.0,4.0,5.0,4.0,5.0,4.0,4.0,5.0,4.0,5.0,Drunk Elephant A-Passioni™ Retinol Cream
40,5.0,4.0,5.0,5.0,5.0,5.0,4.0,4.0,5.0,5.0,Bliss Youth Got This Prevent-4 + Pure Retinol Advanced Skin Smoothing Serum
41,4.0,5.0,5.0,5.0,5.0,5.0,4.0,5.0,5.0,4.0,Paula's Choice Probiotic Nutrient Moisturizer
42,5.0,5.0,4.0,5.0,4.0,5.0,5.0,5.0,5.0,5.0,ma:nyo Galactomy Sun Serum SPF 50+ PA++++
43,5.0,4.0,4.0,5.0,5.0,5.0,5.0,5.0,5.0,4.0,BRTC Panthenol 30 Barrier Ampoule
44,5.0,4.0,4.0,5.0,5.0,5.0,5.0,5.0,5.0,5.0,Bliss Bright Idea Vitamin C + Tri-Peptide Collagen Protecting & Brightening Moisturizer
45,5.0,5.0,5.0,5.0,5.0,5.0,5.0,5.0,5.0,5.0,Summer Fridays Light Aura Vitamin C + Peptide Eye Cream
46,4.0,5.0,4.0,5.0,4.0,4.0,4.0,5.0,4.0,4.0,Naturium Skincare Vitamin C Complex Serum
47,5.0,4.0,5.0,4.0,5.0,4.0,4.0,5.0,4.0,5.0,Beauty Pie Triple Hyaluronic Acid + Peptide Serum
48,5.0,4.0,5.0,4.0,5.0,4.0,4.0,5.0,4.0,5.0,Skintific Amino Acid Ultra Gentle Cleansing Mousse
49,5.0,4.0,5.0,4.0,5.0,4.0,4.0,5.0,4.0,5.0,Benton Snail Bee Ultimate Eye Cream
50,5.0,5.0,5.0,5.0,4.0,5.0,5.0,5.0,5.0,5.0,SkinBetter Science Hydration Boosting Cream
51,5.0,5.0,5.0,5.0,2.0,5.0,5.0,5.0,5.0,2.0,Bliss Bright Idea Vitamin C & Tri-Peptide Collagen Protecting Eye Cream
52,5.0,5.0,5.0,5.0,5.0,5.0,5.0,5.0,5.0,5.0,IT Cosmetics CC+ Cream with SPF 50+
53,4.0,4.0,4.0,5.0,4.0,4.0,5.0,5.0,5.0,5.0,IT Cosmetics Confidence in a Cream Hydrating Moisturizer
54,5.0,5.0,5.0,3.0,5.0,5.0,5.0,5.0,5.0,5.0,Pixi Beauty Retinol Eye Cream
55,4.0,5.0,4.0,5.0,4.0,3.0,5.0,5.0,3.0,5.0,Doa Kozmetik Vitamin C 15% Mix Oil Serum
56,5.0,4.0,5.0,4.0,5.0,4.0,4.0,5.0,4.0,5.0,Doa Kozmetik Ascorbyl Palmitate 10% Serum
57,5.0,5.0,5.0,5.0,4.0,5.0,5.0,5.0,5.0,4.0,Doa Kozmetik Ascorbyl Palmitate 5% Serum
58,5.0,5.0,5.0,5.0,2.0,5.0,5.0,5.0,5.0,2.0,Skintific 5X Ceramide Serum
59,5.0,5.0,5.0,5.0,5.0,5.0,5.0,5.0,2.0,5.0,ma:nyo Galactomy Essence Cream
60,5.0,4.0,5.0,5.0,5.0,2.0,4.0,5.0,5.0,3.0,BRTC Niacinamide 20 Ampoule
61,5.0,5.0,4.0,4.0,5.0,4.0,5.0,5.0,5.0,5.0,Drunk Elephant C-Firma™ Vitamin C Day Serum
62,4.0,5.0,5.0,5.0,5.0,3.0,5.0,5.0,5.0,5.0,Beekman 1802 Milk Drops Probiotic Ceramide Serum
63,5.0,5.0,5.0,5.0,4.0,5.0,5.0,5.0,5.0,5.0,Clinique Moisture Surge™ Hydrating Supercharged Concentrate
64,5.0,5.0,5.0,5.0,5.0,5.0,5.0,5.0,5.0,5.0,"Dear, Klairs Rich Moist Foaming Cleanser"
65,5.0,5.0,5.0,4.0,5.0,5.0,5.0,5.0,5.0,5.0,Doa Kozmetik Vitamin C 7.5% Mix Oil Serum
66,5.0,5.0,5.0,5.0,5.0,5.0,5.0,5.0,5.0,5.0,Vichy Normaderm Anti-Acne Double-Action Moisturizer
67,5.0,5.0,5.0,5.0,4.0,5.0,5.0,5.0,5.0,4.0,ma:nyo Galac Niacin 2.0 Essence
68,5.0,4.0,5.0,3.0,5.0,4.0,5.0,5.0,5.0,5.0,Round Lab Pine Tree Soothing Cica Ampoule
69,5.0,5.0,5.0,5.0,5.0,4.0,4.0,5.0,5.0,5.0,Hero Cosmetics Exfoliating Jelly Cleanser
70,5.0,5.0,5.0,5.0,4.0,5.0,5.0,5.0,5.0,5.0,Isntree TW-Real Bifida Ampoule
71,5.0,4.6,4.7,4.6,4.7,4.4,4.4,,,,Hada Labo Premium Whitening Water Cream
72,5.0,5.0,4.0,5.0,5.0,5.0,5.0,5.0,5.0,3.0,Sallve Limpador Facial
73,5.0,5.0,5.0,5.0,4.0,5.0,4.0,5.0,2.0,3.0,Rovectin Skin Essentials Barrier Repair Aqua Concentrate
74,5.0,5.0,5.0,5.0,4.0,5.0,5.0,5.0,5.0,4.0,Glow Recipe Avocado Melt Retinol Eye Cream
75,5.0,5.0,5.0,5.0,5.0,5.0,5.0,5.0,5.0,5.0,Neogen Dermatology V.biome Infusion Serum
76,5.0,4.0,5.0,5.0,4.0,5.0,5.0,5.0,5.0,3.0,IT Cosmetics Confidence in an Eye Cream
77,5.0,4.0,5.0,4.0,5.0,4.0,4.0,5.0,4.0,5.0,Allies of Skin Mandelic Pigmentation Corrector Night Serum
78,5.0,5.0,4.0,4.0,5.0,4.0,5.0,5.0,5.0,5.0,Sallve Antioxidante Hidratante
79,5.0,5.0,4.0,5.0,5.0,5.0,5.0,5.0,5.0,3.0,iNNBEAUTY PROJECT Green Machine Vitamin C + Green Superfoods Jelly Serum
80,5.0,5.0,5.0,4.0,4.0,5.0,4.0,5.0,4.0,5.0,Missha Time Revolution Night Repair Probio Ampoule
81,5.0,5.0,4.0,5.0,4.0,5.0,5.0,5.0,5.0,5.0,Somethinc Supple Power Hyaluronic9+ Onsen Essence Toner
82,5.0,5.0,5.0,4.0,4.0,5.0,5.0,4.0,5.0,5.0,Bliss Clear Genius Peel Clarifying Liquid Peel
83,5.0,5.0,5.0,5.0,2.0,5.0,5.0,5.0,5.0,2.0,Urban Skin Even Tone Cleansing Bar
84,5.0,4.6,4.7,4.6,4.7,4.4,4.4,,,,Somethinc Dark Spot Reducer Ampoule
85,5.0,5.0,5.0,5.0,5.0,5.0,5.0,5.0,5.0,5.0,First Aid Beauty Eye Duty Niacinamide Brightening Eye Cream
86,5.0,5.0,5.0,5.0,4.0,5.0,5.0,5.0,5.0,5.0,Sweet Chef Ginger Vitamin C Serum Shot
87,5.0,4.0,5.0,5.0,5.0,2.0,5.0,5.0,5.0,5.0,Estée Lauder Perfectionist Pro Serum Rapid Brightening Treatment with Ferment² + Vitamin C
88,5.0,5.0,5.0,5.0,4.0,5.0,5.0,5.0,5.0,4.0,SkinBetter Science Alto Advanced Defense and Repair Serum
89,5.0,5.0,5.0,5.0,4.0,5.0,5.0,5.0,5.0,4.0,Q + A Peptide Serum
90,5.0,4.0,5.0,5.0,5.0,5.0,4.0,4.0,5.0,5.0,BRTC Time 8 Lift Toning Collagen Cream
91,5.0,5.0,3.0,5.0,5.0,5.0,3.0,5.0,5.0,5.0,Rohto Mentholatum Hada Labo Gokujyun Super Hyaluronic Face Foam
92,5.0,4.0,5.0,5.0,5.0,5.0,4.0,4.0,5.0,5.0,A'Pieu Mulberry Blemish Clearing Ampoule
93,5.0,5.0,,,,,,,,,FaceTheory Colloidal-C Anti-Redness Toner T3
94,5.0,5.0,5.0,5.0,5.0,5.0,5.0,5.0,5.0,5.0,"Dear, Klairs Rich Moist Soothing Cream"
95,4.0,5.0,5.0,5.0,5.0,5.0,4.0,5.0,5.0,4.0,Pacifica Wake Up Beautiful Retinoid Serum
96,5.0,4.0,5.0,5.0,5.0,5.0,5.0,5.0,5.0,5.0,Derma E Anti Wrinkle Cream
97,5.0,4.0,5.0,5.0,5.0,5.0,4.0,4.0,5.0,5.0,SkinBetter Science AlphaRet Overnight Cream
98,5.0,4.0,5.0,5.0,5.0,5.0,5.0,4.0,5.0,5.0,Beauty of Joseon Bubble Toner: Green Plum + AHA
99,5.0,5.0,4.0,3.0,5.0,5.0,2.0,5.0,5.0,4.0,ma:nyo Bifida Biome Concentrate Cream
100,4.0,4.0,4.0,5.0,5.0,5.0,5.0,5.0,4.0,4.0,Peach Slices Snail Rescue Purifying Cleanser
101,5.0,5.0,4.0,5.0,4.0,5.0,5.0,5.0,5.0,5.0,Somethinc Supple Power Hyaluronic9+Onsen Moisture Bomb
102,5.0,4.0,5.0,4.0,5.0,4.0,4.0,5.0,4.0,5.0,Estée Lauder Rapid Brightening Treatment with Ferment² + Vitamin C
103,5.0,3.0,5.0,3.0,5.0,5.0,5.0,2.0,5.0,5.0,Hero Cosmetics Clarifying Prebiotic Moisturizer
104,5.0,3.0,5.0,5.0,5.0,2.0,5.0,1.0,1.0,5.0,Dr. Denese SkinScience Triple Strength Neck Wrinkle Smoother
105,5.0,5.0,5.0,5.0,5.0,5.0,5.0,5.0,5.0,5.0,Paula's Choice Omega+ Complex Eye Cream
106,5.0,4.0,5.0,4.0,5.0,4.0,4.0,5.0,4.0,5.0,ma:nyo Bifida Complex Ampoule Gel Cleanser
107,4.0,5.0,5.0,5.0,2.0,5.0,4.0,4.0,,,Grounded Sage Blueberry and Cornflower Hydra Well Night Cream
108,5.0,5.0,5.0,3.0,5.0,5.0,5.0,5.0,5.0,5.0,iNNBEAUTY PROJECT Foam Around Daily Clarifying Cleanser
109,5.0,3.0,5.0,5.0,5.0,5.0,5.0,5.0,5.0,5.0,Skinfix Barrier+ Triple Lipid-Hyaluronate Serum
110,5.0,5.0,5.0,5.0,5.0,4.0,5.0,5.0,5.0,5.0,Murad Time Release Acne Cleanser
111,5.0,5.0,5.0,5.0,5.0,5.0,4.0,5.0,4.0,5.0,Neogen Probiotics Youth Repair Cream
112,5.0,5.0,5.0,5.0,5.0,5.0,5.0,5.0,5.0,4.0,Tula Skincare Protect + Plump Firming & Hydrating Face Moisturizer
113,5.0,5.0,5.0,5.0,4.0,5.0,5.0,5.0,5.0,5.0,Skin Actives Scientific Eye Cream with ROS BioNet and Apocynin
114,5.0,5.0,5.0,5.0,5.0,5.0,5.0,5.0,5.0,5.0,Minimalist SPF 50 PA++++ Sunscreen
115,5.0,5.0,5.0,5.0,5.0,5.0,2.0,5.0,5.0,5.0,Filorga Age-Purify Clean
116,5.0,5.0,5.0,5.0,4.0,5.0,5.0,5.0,1.0,2.0,Beekman 1802 Milk Wash Exfoliating Jelly Cleanser
117,5.0,4.0,5.0,4.0,5.0,4.0,4.0,5.0,4.0,5.0,IT Cosmetics Bye Bye Under Eye Brightening Eye Cream
118,5.0,5.0,5.0,5.0,5.0,5.0,4.0,5.0,4.0,5.0,Neutrogena Stubborn Texture Daily Cleanser
119,5.0,5.0,3.0,5.0,5.0,4.0,5.0,5.0,5.0,4.0,Andalou Naturals Q10 Night Repair Cream
120,5.0,3.0,5.0,5.0,5.0,5.0,5.0,5.0,5.0,5.0,SkinBetter Science Intensive AlphaRet Overnight Cream
121,4.0,5.0,5.0,5.0,5.0,4.0,5.0,5.0,5.0,5.0,The Face Shop Clarifying Spot Care Ampoule
122,5.0,5.0,5.0,5.0,5.0,4.0,5.0,5.0,5.0,5.0,Olehenriksen Strength Trainer Peptide Boost Moisturizer
123,4.0,5.0,5.0,5.0,5.0,5.0,5.0,5.0,5.0,5.0,Peter Thomas Roth Un-Wrinkle Turbo Serum
124,5.0,5.0,5.0,5.0,5.0,5.0,5.0,5.0,5.0,5.0,Kiehl's Ultra Facial Cream
125,4.0,5.0,4.0,5.0,4.0,4.0,4.0,5.0,4.0,4.0,KORRES Santorini Grape Poreless Skin Cream
126,5.0,5.0,5.0,5.0,4.0,5.0,5.0,5.0,5.0,4.0,Geek & Gorgeous Liquid Hydration
127,5.0,4.0,5.0,4.0,5.0,4.0,4.0,5.0,4.0,5.0,Mary & May Vitamin C + Bifida Lotion
128,5.0,5.0,5.0,5.0,5.0,5.0,5.0,5.0,5.0,5.0,Neogen Dermalogy Real Ferment Micro Serum
129,5.0,3.0,5.0,3.0,4.0,5.0,5.0,5.0,5.0,5.0,Paula's Choice Resist Intensive Repair Cream
130,4.0,4.0,4.0,4.0,4.0,3.0,5.0,5.0,5.0,3.0,heimish All Clean Low pH Balancing Vegan Toner
131,4.0,4.0,5.0,4.0,5.0,4.0,4.0,5.0,5.0,5.0,Sallve Antioxidante Hidratante FPS 30
132,5.0,4.0,5.0,2.0,5.0,5.0,5.0,2.0,5.0,5.0,Clinique All About Eyes
133,5.0,5.0,3.0,5.0,5.0,5.0,5.0,1.0,3.0,1.0,Beekman 1802 Bloom Cream Daily Probiotic Moisturizer
134,5.0,5.0,5.0,5.0,5.0,5.0,5.0,5.0,5.0,5.0,Naturium Skincare Retinol Complex Cream
135,5.0,5.0,5.0,5.0,4.0,5.0,5.0,5.0,5.0,4.0,AHC Beauty Hyaluronic Dewy Radiance Toner
136,5.0,5.0,2.0,5.0,5.0,5.0,5.0,1.0,1.0,5.0,Revolution Beauty Vitamin C Eye Cream
137,5.0,4.0,5.0,4.0,5.0,4.0,4.0,5.0,4.0,5.0,Missha Time Revolution Night Repair Ampoule 5x
138,5.0,4.0,5.0,5.0,5.0,5.0,5.0,5.0,3.0,5.0,PSA SKIN The Most Hyaluronic Super Nutrient Hydration Serum
139,4.0,4.6,4.7,4.6,4.7,4.4,4.4,,,,Round Lab 1025 Dokdo Ampoule
140,5.0,4.0,5.0,4.0,5.0,3.0,3.0,5.0,5.0,4.0,Versed Wash It Out Gel Cleanser
141,5.0,5.0,5.0,5.0,4.0,5.0,5.0,5.0,5.0,4.0,Dr. Jart+ Cicapair™ Tiger Grass Serum
142,5.0,5.0,5.0,5.0,4.0,5.0,5.0,5.0,5.0,4.0,REVOX B77 Retinol Serum Unifying Regenerator
143,4.0,4.0,5.0,3.0,2.0,5.0,5.0,4.0,4.0,1.0,Goodal Green Tangerine Vita C Dark Spot Care Cream
144,4.0,5.0,4.0,5.0,3.0,4.0,4.0,5.0,3.0,3.0,Neogen Probiotics Relief Cream
145,5.0,4.0,5.0,4.0,5.0,4.0,4.0,5.0,4.0,5.0,First Aid Beauty Skin Lab Retinol Serum .25% Pure Concentrate
146,4.0,5.0,4.0,5.0,5.0,5.0,4.0,5.0,4.0,5.0,IT Cosmetics Bye Bye Redness Moisturizer
147,5.0,5.0,5.0,5.0,5.0,5.0,5.0,3.0,1.0,5.0,The Body Shop Drops of Youth™ Eye Concentrate
148,4.0,5.0,5.0,5.0,5.0,4.0,5.0,5.0,5.0,4.0,Murad Skin Perfecting Lotion
149,4.0,4.0,5.0,4.0,5.0,5.0,5.0,5.0,5.0,5.0,Round Lab 1025 Dokdo Cleansing Oil
150,5.0,5.0,5.0,5.0,4.0,4.0,5.0,5.0,5.0,5.0,Obagi Retinol 1.0
151,5.0,5.0,5.0,,,,,,,,Filorga Hydra-Filler
152,5.0,4.0,5.0,4.0,5.0,4.0,4.0,5.0,4.0,5.0,Hero Cosmetics Balancing Capsule Toner
153,5.0,4.0,5.0,4.0,5.0,4.0,4.0,5.0,4.0,5.0,HYGGEE All-In-One Mist
154,5.0,5.0,5.0,5.0,5.0,5.0,5.0,5.0,5.0,4.0,First Aid Beauty Skin Lab Retinol Eye Cream with Triple Hyalurionic Acid
155,5.0,5.0,4.0,5.0,5.0,4.0,5.0,5.0,5.0,4.0,ma:nyo Bifida Biome Concentrate Serum
156,5.0,5.0,5.0,5.0,5.0,5.0,5.0,5.0,5.0,5.0,Paula's Choice Defense Essential Glow Moisturizer SPF 30
157,3.0,5.0,1.0,5.0,1.0,1.0,1.0,1.0,1.0,1.0,TONYMOLY Vital Vita 12 Pore Care Ampoule
158,5.0,5.0,5.0,4.0,4.0,4.0,4.0,5.0,4.0,4.0,Rovectin Clean Marine Micellar Deep Cleansing Water
159,5.0,3.0,5.0,5.0,5.0,5.0,5.0,5.0,5.0,5.0,Clinique Even Better Clinical™ Dark Spot Corrector & Optimizer
160,4.0,4.0,4.0,4.0,4.0,4.0,4.0,4.0,4.0,4.0,IT Cosmetics Bye Bye Lines Anti-Aging Serum
161,5.0,4.0,4.0,5.0,5.0,5.0,5.0,5.0,3.0,5.0,Some By Mi Yuja Niacin Brightening Toner
162,5.0,4.0,5.0,4.0,5.0,4.0,4.0,5.0,4.0,5.0,BRTC Vitalizer C-10 Ampoule Rich in Vitamin C
163,4.0,5.0,4.0,5.0,5.0,5.0,5.0,5.0,5.0,5.0,Perricone MD No Rinse Exfoliating Peel
164,5.0,5.0,5.0,5.0,4.0,5.0,5.0,5.0,5.0,5.0,Neogen Dermalogy V.biome Soothing Cream
165,5.0,5.0,5.0,5.0,5.0,4.0,5.0,5.0,5.0,3.0,Niche Beauty Lab Bakuchiol Firming Cream
166,5.0,5.0,5.0,5.0,4.0,5.0,5.0,5.0,5.0,4.0,Filorga Oxygen-Glow Cream
167,4.0,5.0,5.0,5.0,5.0,5.0,5.0,2.0,4.0,5.0,Lancôme Advanced Génifique Anti-Aging Face Serum
168,5.0,5.0,5.0,5.0,5.0,5.0,4.0,4.0,4.0,4.0,Acure Radically Rejuvenating Whipped Night Cream
169,5.0,5.0,5.0,4.0,5.0,5.0,5.0,5.0,5.0,5.0,Isntree Onion Newpair Gel Cream
170,5.0,4.0,5.0,4.0,5.0,4.0,4.0,5.0,4.0,5.0,Sunday Riley A+ High-Dose Retinol Serum
171,5.0,5.0,5.0,5.0,4.0,5.0,5.0,5.0,5.0,4.0,iNNBEAUTY PROJECT Down to Tone Life Changing Toner
172,4.0,4.0,5.0,1.0,4.0,4.0,4.0,4.0,4.0,4.0,Skinfix Barrier+ Triple Lipid + Collagen + Niacinamide Activating Serum
173,5.0,5.0,3.0,3.0,5.0,5.0,5.0,5.0,3.0,5.0,Neogen Probiotics Youth Repair Mist
174,5.0,5.0,5.0,5.0,4.0,4.0,5.0,3.0,5.0,5.0,Farmacy Cheer Up Brightening Vitamin C Eye Cream with Acerola Cherry
175,5.0,5.0,4.0,4.0,5.0,5.0,4.0,5.0,5.0,5.0,Peach & Lily Peptide Pro Firming Moisturizer
176,5.0,5.0,5.0,5.0,5.0,5.0,5.0,5.0,5.0,5.0,Kiehl's Ultra Facial Toner
177,5.0,4.0,5.0,5.0,3.0,5.0,5.0,5.0,4.0,5.0,Dr. Denese SkinScience Hydroshield® Ultra Moisturizing Face Serum
178,5.0,5.0,5.0,5.0,4.0,4.0,4.0,4.0,4.0,5.0,Perricone MD High Potency Classics: Hyaluronic Intensive Moisturizer
179,5.0,5.0,5.0,5.0,5.0,5.0,4.0,4.0,4.0,5.0,IMAGE skincare Vital C Hydrating Repair Cream
180,4.0,5.0,4.0,5.0,4.0,4.0,4.0,5.0,4.0,4.0,Grounded Sage Easy on the Eyes Daily Eye Cream
181,5.0,3.0,5.0,4.0,5.0,4.0,5.0,5.0,5.0,5.0,Lumene Nordic-C Eye Treatment
182,5.0,4.0,5.0,4.0,5.0,5.0,5.0,5.0,5.0,5.0,HYGGEE All-In-One Cream
183,5.0,5.0,5.0,5.0,4.0,5.0,5.0,5.0,5.0,4.0,Obagi Professional-C Serum 20%
184,5.0,5.0,4.0,3.0,5.0,5.0,5.0,4.0,5.0,5.0,Somethinc Skin Defender Bakuchiol + COQ10 Serum
185,5.0,4.0,5.0,5.0,5.0,5.0,4.0,4.0,5.0,5.0,Coxir Vita C Bright Eye Cream
186,5.0,4.0,5.0,4.0,5.0,4.0,4.0,5.0,4.0,5.0,Dr.Ceuracle Pro Balance Biotics Cleansing Pad
187,4.0,5.0,4.0,4.0,5.0,3.0,5.0,5.0,5.0,5.0,Revolution Beauty Moisture Cream SPF30 Normal to Oily Skin
188,5.0,4.0,5.0,4.0,5.0,4.0,4.0,5.0,4.0,5.0,Neutrogena Hydro Boost Vitamin E & Hyaluronic Acid Serum
189,5.0,5.0,5.0,5.0,4.0,5.0,5.0,5.0,5.0,4.0,Juice Beauty Smoothing Eye Concentrate
190,5.0,4.0,5.0,2.0,5.0,5.0,5.0,5.0,,,boscia 0.6% Pro-Retinol Repair + Renew Waterless Advanced Treatment
191,5.0,5.0,5.0,5.0,5.0,4.0,5.0,5.0,5.0,5.0,Murad Hydro-Dynamic Ultimate Moisture
192,5.0,5.0,5.0,5.0,5.0,5.0,4.0,5.0,4.0,4.0,Tula Skincare Glow Hour Brightening & Neutralizing Eye Balm
193,5.0,4.0,5.0,4.0,5.0,4.0,4.0,5.0,4.0,5.0,SkinCeuticals LHA Cleanser Gel
194,5.0,4.0,5.0,5.0,4.0,5.0,5.0,5.0,5.0,5.0,Isntree TW - Real Eye Cream
195,5.0,5.0,5.0,5.0,4.0,5.0,5.0,5.0,5.0,4.0,Olehenriksen C-Rush™ Vitamin C Gel Moisturizer
196,5.0,4.0,5.0,4.0,5.0,4.0,4.0,5.0,4.0,5.0,Neogen Dermalogy Calming Cica Tree Pad
197,1.0,4.6,4.7,4.6,4.7,4.4,4.4,,,,Mad Hippie Facial SPF 30+ Sunscreen
198,5.0,5.0,5.0,5.0,4.0,5.0,5.0,5.0,5.0,4.0,Dr. Dennis Gross Skincare C+ Collagen Deep Cream
199,4.0,5.0,5.0,5.0,5.0,4.0,5.0,5.0,5.0,5.0,Some By Mi Retinol Intense Reactivating Serum
200,4.0,4.0,4.0,3.0,4.0,5.0,4.0,3.0,5.0,4.0,Some By Mi Galactomyces Pure Vitamin C Glow Serum
201,5.0,4.0,5.0,5.0,5.0,4.0,5.0,5.0,5.0,4.0,Kiehl's Ultra Facial Cleanser
202,5.0,4.0,5.0,5.0,5.0,5.0,4.0,4.0,5.0,5.0,Village 11 Factory 5 Skin Formula Toner B
203,5.0,5.0,5.0,5.0,4.0,5.0,5.0,5.0,5.0,5.0,Merle Norman Nighttime Recovery Cream
204,5.0,5.0,5.0,5.0,5.0,5.0,5.0,5.0,5.0,3.0,Paula's Choice Clinical Ultra-Rich Moisturizer
205,5.0,5.0,5.0,5.0,4.0,5.0,5.0,5.0,5.0,4.0,Creamy Retinol
206,5.0,4.0,5.0,4.0,5.0,4.0,4.0,5.0,4.0,5.0,Kate Somerville Age Arrest Advanced Reviving Cream
207,5.0,5.0,4.0,5.0,4.0,5.0,5.0,5.0,5.0,5.0,Glossier Super Glow
208,5.0,4.0,5.0,3.0,3.0,5.0,5.0,5.0,2.0,4.0,Skin 1004 Madagascar Centella Hyalu-Cica Cloudy Mist
209,4.0,5.0,5.0,5.0,5.0,4.0,5.0,5.0,5.0,4.0,SkinCeuticals Blemish + Age Cleansing Gel
210,5.0,5.0,5.0,5.0,5.0,5.0,4.0,5.0,4.0,5.0,Murad Vita-C Eyes Dark Circle Corrector
211,5.0,4.0,5.0,2.0,5.0,5.0,5.0,2.0,5.0,5.0,JUMISO Waterfull Hyaluronic Cream
212,5.0,5.0,5.0,5.0,5.0,4.0,5.0,5.0,5.0,3.0,Estée Lauder Revitalizing Supreme + Night
213,5.0,3.0,5.0,5.0,5.0,5.0,,,,,Neutrogena Rapid Wrinkle Repair Serum
214,5.0,5.0,5.0,5.0,5.0,5.0,4.0,5.0,4.0,5.0,Neogen Dermatology V.biome Firming Cream
215,5.0,5.0,5.0,5.0,5.0,5.0,5.0,5.0,5.0,5.0,Missha Time Revolution Prismestem100 Lifting Serum
216,5.0,5.0,4.0,5.0,4.0,5.0,5.0,5.0,5.0,5.0,Andalou Naturals CannaCell Cleansing Foam
217,5.0,5.0,5.0,5.0,5.0,4.0,5.0,5.0,4.0,5.0,Olehenriksen Sheer Transformation Perfecting Moisturizer
218,4.0,5.0,5.0,5.0,5.0,4.0,5.0,5.0,5.0,4.0,Cetaphil Moisturizing Lotion
219,5.0,4.0,5.0,4.0,5.0,4.0,4.0,5.0,4.0,5.0,Charlotte Tilbury Magic Eye Rescue Cream
220,5.0,5.0,5.0,5.0,5.0,5.0,5.0,4.0,5.0,5.0,IMAGE skincare Ageless Total Repair Crème
221,5.0,5.0,5.0,5.0,4.0,5.0,5.0,5.0,5.0,4.0,Acure Seriously Soothing Cloud Cream
222,5.0,5.0,5.0,5.0,4.0,5.0,5.0,5.0,5.0,4.0,Neogen Dermalogy White Truffle Ampoule Drop Mist
223,4.0,5.0,5.0,5.0,5.0,4.0,5.0,5.0,5.0,4.0,Dior La Micro-Huile De Rose Advanced Serum
224,5.0,5.0,5.0,5.0,5.0,5.0,5.0,5.0,5.0,5.0,Glossier Cleanser Concentrate
225,5.0,5.0,4.0,5.0,4.0,5.0,5.0,5.0,4.0,4.0,ma:nyo Whitening Source Ampoule
226,5.0,5.0,5.0,5.0,5.0,5.0,5.0,5.0,5.0,5.0,Filorga Age-Purify Double Correction Fluid
227,4.0,5.0,5.0,1.0,5.0,1.0,1.0,1.0,1.0,1.0,Neutrogena RAPID TONE REPAIR® Dark Spot Corrector Serum
228,5.0,5.0,5.0,5.0,4.0,5.0,5.0,5.0,1.0,2.0,Tula Skincare The Cult Classic Purifying Face Cleanser
229,5.0,4.0,5.0,4.0,2.0,3.0,4.0,5.0,5.0,5.0,TONYMOLY Vital Vita 12 Synergy Serum
230,4.0,5.0,5.0,5.0,3.0,4.0,5.0,5.0,5.0,5.0,alpyn beauty Triple Vitamin C Brightening Bounce Cream
231,5.0,5.0,4.0,3.0,5.0,5.0,5.0,4.0,5.0,5.0,Vichy Normaderm Phytosolution Intensive Purifying Gel
232,5.0,5.0,5.0,5.0,4.0,5.0,5.0,5.0,5.0,4.0,Some By Mi H7 Hydro Max Cream
233,4.0,5.0,4.0,4.0,5.0,5.0,3.0,5.0,5.0,4.0,Estée Lauder Advanced Night Repair Eye Concentrate Matrix Synchronized Recovery Complex
234,5.0,4.0,4.0,4.0,5.0,5.0,3.0,4.0,3.0,5.0,L'Oreal Revitalift Derm Intensives 3.5% Pure Glycolic Acid Cleansing Gel
235,5.0,5.0,4.0,5.0,5.0,5.0,5.0,4.0,5.0,4.0,iNNBEAUTY PROJECT 10 + 10 Moisturizer with 10% Vitamin C + 10% Peptide Complex + Ceramides
236,5.0,5.0,5.0,5.0,5.0,5.0,1.0,1.0,1.0,1.0,Dr. Dennis Gross Skincare Alpha Beta® Pore Perfecting & Refining Serum
237,5.0,5.0,5.0,5.0,4.0,5.0,5.0,5.0,5.0,4.0,"Principia 9,8% Ácido Glicólico 4% Composto de Aminoácidos"
238,5.0,5.0,4.0,5.0,1.0,5.0,5.0,5.0,5.0,5.0,TONYMOLY Firming Ampoule
239,5.0,5.0,5.0,5.0,4.0,5.0,5.0,5.0,5.0,4.0,Sk-II Facial Treatment Cleanser
240,5.0,5.0,5.0,5.0,5.0,5.0,5.0,5.0,5.0,5.0,Skinfix Correct+ Dark Spot Corrector
241,4.0,4.0,4.0,4.0,4.0,4.0,3.0,5.0,5.0,3.0,ma:nyo Bifida Cica Toner
242,5.0,4.0,5.0,5.0,2.0,4.0,5.0,3.0,5.0,1.0,Peter Thomas Roth PRO Strength Retinoid Peptide Serum
243,5.0,5.0,4.0,5.0,4.0,5.0,5.0,5.0,5.0,5.0,Palmer's Natural Vitamin E Concentrated Cream
244,5.0,5.0,5.0,5.0,4.0,4.0,4.0,5.0,5.0,4.0,Neogen SurMedic+ Azulene Soothing pH Cleanser
245,5.0,5.0,5.0,2.0,5.0,5.0,5.0,4.0,5.0,4.0,Elizabeth Arden Vitamin C Ceramide Capsules Radiance Renewal Serum
246,5.0,3.0,4.0,5.0,3.0,5.0,3.0,5.0,5.0,5.0,Sallve Hidratante Facial
247,5.0,5.0,5.0,5.0,5.0,4.0,4.0,4.0,3.0,4.0,Paula's Choice Moisture Boost Essential Hydrating Toner
248,5.0,5.0,5.0,5.0,3.0,5.0,5.0,5.0,1.0,1.0,Holika Holika Good Cera Super Cream
249,4.0,5.0,5.0,5.0,4.0,5.0,5.0,5.0,3.0,5.0,Acure Seriously Soothing Serum Stick
250,5.0,5.0,5.0,5.0,5.0,5.0,5.0,5.0,5.0,5.0,AHC Beauty Essential Eye Cream for Face
251,5.0,5.0,3.0,5.0,5.0,5.0,5.0,5.0,1.0,5.0,Drunk Elephant C-Tango™ Multivitamin Eye Cream
252,4.0,4.0,4.0,4.0,4.0,4.0,4.0,5.0,3.0,3.0,KORRES Pomegranate Pore Blurring Gel Moisturizer
253,4.0,4.0,4.0,4.0,5.0,3.0,5.0,5.0,4.0,4.0,Medik8 R-Retinoate Intense
254,5.0,5.0,4.0,5.0,5.0,5.0,5.0,4.0,5.0,5.0,Fenty Beauty Fat Water Hydrating Milky Toner Essence with Hyaluronic Acid + Tamarind
255,5.0,5.0,5.0,5.0,3.0,5.0,5.0,5.0,1.0,1.0,Peter Thomas Roth Mega-Rich Intensive Anti-Aging Eye Crème
256,5.0,5.0,5.0,5.0,4.0,5.0,5.0,5.0,5.0,4.0,iNNBEAUTY PROJECT Next Level No BS Moisturizer
257,3.0,4.0,5.0,5.0,5.0,2.0,5.0,5.0,5.0,1.0,Eminence Organics Stone Crop Hydrating Mist
258,5.0,4.0,5.0,5.0,3.0,5.0,5.0,4.0,5.0,5.0,SkinBetter Science Trio Rebalancing Moisture Treatment
259,5.0,5.0,5.0,5.0,5.0,5.0,5.0,5.0,5.0,1.0,Merle Norman Brilliant-C Cleanser
260,5.0,5.0,5.0,5.0,5.0,5.0,5.0,5.0,5.0,5.0,ma:nyo 4GF Ampoule Eye Cream
261,5.0,5.0,5.0,4.0,3.0,3.0,5.0,5.0,4.0,5.0,Some By Mi Galactomyces Pure Vitamin C Glow Toner
262,5.0,5.0,4.0,5.0,4.0,5.0,5.0,5.0,5.0,5.0,Dr. Jart+ Cicapair™ Tiger Grass Calming Mist
263,5.0,5.0,5.0,5.0,3.0,5.0,5.0,5.0,1.0,1.0,Beekman 1802 Milkshake Hyaluronic Acid & Squalane Facial Toner Mist
264,5.0,5.0,5.0,4.0,4.0,5.0,3.0,5.0,5.0,5.0,Neogen Probiotics Youth Repair Emulsion
265,5.0,5.0,5.0,4.0,4.0,5.0,3.0,5.0,5.0,5.0,Naturium Skincare Skin-Renewing Retinol Body Lotion
266,5.0,5.0,5.0,5.0,4.0,5.0,5.0,4.0,4.0,5.0,Dr. Jart+ Vital Hydra Solution Biome Eye Cream
267,5.0,4.0,5.0,5.0,5.0,3.0,4.0,3.0,3.0,5.0,Missha Bee Pollen Renew Ampouler
268,5.0,5.0,5.0,4.0,5.0,5.0,5.0,4.0,5.0,4.0,Olehenriksen Banana Bright Eye Crème
269,5.0,5.0,5.0,5.0,5.0,5.0,5.0,,,,Tula Skincare Dew Your Thing Oil Free Gel Cream
270,4.0,5.0,5.0,5.0,5.0,5.0,4.0,5.0,5.0,4.0,Filorga NCEF-Reverse Eyes Supreme Multi-Correction Eye Cream
271,5.0,5.0,5.0,5.0,4.0,5.0,5.0,5.0,5.0,5.0,Clinique Smart Night Clinical MD Multi-Dimensional Repair Treatment Retinol
272,5.0,5.0,4.0,5.0,5.0,4.0,5.0,5.0,5.0,4.0,Dr. Dennis Gross Skincare Advanced Retinol + Ferulic Texture Renewal Serum
273,5.0,5.0,5.0,5.0,4.0,5.0,5.0,5.0,5.0,4.0,Lumene 24H Face Cream For Sensitive Skin
274,5.0,4.0,5.0,4.0,5.0,4.0,4.0,5.0,4.0,5.0,Dr. Jart+ Cicapair Toner
275,5.0,3.0,5.0,5.0,5.0,5.0,5.0,5.0,5.0,5.0,TONYMOLY Vital Vita 12 Jelly Cleanser
276,5.0,5.0,5.0,5.0,5.0,5.0,5.0,5.0,4.0,4.0,Some By Mi Pure Vitamin C V10 Cleansing Bar
277,5.0,5.0,5.0,5.0,4.0,5.0,5.0,5.0,5.0,4.0,Tula Skincare Firm Up Deep Wrinkle Serum
278,5.0,5.0,5.0,5.0,4.0,5.0,5.0,5.0,5.0,4.0,Paula's Choice Skin Recovery Replenishing Moisturizer
279,5.0,5.0,5.0,5.0,4.0,5.0,5.0,5.0,5.0,5.0,Peter Thomas Roth Intensive Anti-Aging Eye Crème
280,3.0,5.0,4.0,5.0,5.0,5.0,5.0,5.0,5.0,3.0,Clinique All About Eyes™ Rich Eye Cream
281,5.0,5.0,5.0,5.0,3.0,5.0,5.0,5.0,1.0,1.0,Cetaphil Rich Hydrating Cream
282,5.0,4.0,5.0,4.0,5.0,4.0,4.0,5.0,4.0,5.0,ZO Skin Health Recovery Crème
283,4.0,5.0,5.0,5.0,5.0,4.0,5.0,5.0,5.0,4.0,Paula's Choice Defense Triple Algae Pollution Shield
284,5.0,5.0,5.0,5.0,5.0,5.0,5.0,3.0,5.0,5.0,Skin 1004 Madagascar Centella Cream
285,4.0,5.0,5.0,4.0,5.0,5.0,5.0,5.0,3.0,3.0,Eminence Organics Marine Flower Peptide Serum
286,5.0,5.0,5.0,5.0,5.0,5.0,3.0,5.0,5.0,5.0,Eminence Organics Apricot Calendula Nourishing Cream
287,5.0,4.0,5.0,5.0,5.0,5.0,5.0,5.0,5.0,5.0,Missha Time Revolution Red Algae Revitalizing Serum
288,5.0,5.0,5.0,4.0,4.0,5.0,3.0,5.0,5.0,5.0,Murad Retinol Youth Renewal Eye Serum
289,5.0,3.0,5.0,5.0,5.0,5.0,2.0,1.0,4.0,3.0,Filorga Time-Filler 5XP Cream
290,5.0,4.0,5.0,5.0,5.0,5.0,5.0,1.0,5.0,1.0,Murad Multi-Vitamin Infusion Oil
291,5.0,5.0,5.0,5.0,5.0,1.0,5.0,5.0,5.0,5.0,Elizabeth Arden Advanced Ceramide Capsules Daily Youth Restoring Serum
292,5.0,5.0,5.0,4.0,5.0,3.0,5.0,5.0,5.0,5.0,Missha Time Revolution Red Algae Revitalizing Lotion
293,5.0,5.0,5.0,5.0,4.0,5.0,5.0,5.0,5.0,4.0,Sun Bum Signature SPF 50 Sunscreen Lotion
294,4.0,4.0,4.0,4.0,4.0,4.0,4.0,4.0,4.0,5.0,Numbuzin No. 5 Daily Multi-Vitamin Cream
295,5.0,5.0,5.0,3.0,5.0,5.0,5.0,5.0,5.0,4.0,boscia Cryosea™ Firming Icy-Cold Cleanser
296,5.0,5.0,5.0,5.0,5.0,5.0,4.0,4.0,4.0,4.0,Kate Somerville DeliKate Soothing Cleanser
297,4.0,5.0,5.0,5.0,5.0,4.0,5.0,5.0,5.0,5.0,AHC Beauty Time Rewind Real Eye Cream For Face
298,4.0,5.0,4.0,5.0,5.0,5.0,5.0,5.0,5.0,5.0,Dr. Jart+ V7™ ANTIOXIDANT SERUM
299,5.0,5.0,5.0,5.0,5.0,5.0,5.0,5.0,,,Rovectin Anti-Irritant Barrier Repair Ultra Cream
300,5.0,5.0,5.0,5.0,4.0,5.0,5.0,5.0,5.0,4.0,Olehenriksen Balancing Force™ Oil Control Toner
301,5.0,5.0,5.0,5.0,5.0,5.0,5.0,5.0,5.0,5.0,Mario Badescu Clarifying Serum with Azelaic Acid
302,5.0,5.0,5.0,4.0,5.0,5.0,5.0,5.0,5.0,5.0,REN Clean Skincare Brightening Dark Circle Eye Cream
303,3.0,5.0,5.0,5.0,4.0,5.0,5.0,5.0,5.0,5.0,Clinique Repairwear Anti-Gravity Eye Cream
304,4.0,5.0,5.0,5.0,5.0,5.0,5.0,5.0,5.0,4.0,AHC Beauty The Real Eye Cream for Face
305,3.0,4.7,4.6,4.7,4.6,4.7,4.7,,,,Olehenriksen Cold Plunge™ Pore Remedy Moisturizer
306,5.0,5.0,3.0,5.0,,,,,,,Charlotte Tilbury Magic Night Cream
307,5.0,5.0,5.0,5.0,5.0,5.0,5.0,5.0,2.0,5.0,Charlotte Tilbury Charlotte's Magic Serum Crystal Elixir
308,5.0,5.0,5.0,5.0,5.0,5.0,5.0,5.0,5.0,3.0,SkinCeuticals Daily Moisture
309,5.0,5.0,4.0,5.0,5.0,5.0,5.0,5.0,5.0,3.0,Eminence Organics Marine Flower Peptide Eye Cream
310,5.0,5.0,3.0,5.0,5.0,5.0,5.0,1.0,5.0,5.0,CeraVe Eczema Relief Creamy Oil
311,5.0,5.0,5.0,5.0,5.0,5.0,5.0,5.0,5.0,5.0,Honest Beauty Calm & Heal Melting Balm
312,5.0,5.0,5.0,5.0,4.0,5.0,3.0,3.0,5.0,1.0,Creamy Calming Cream
313,4.0,5.0,5.0,5.0,4.0,4.0,5.0,5.0,5.0,4.0,AHC Beauty Youth Lasting Real Eye Cream
314,5.0,4.0,5.0,5.0,4.0,5.0,5.0,5.0,5.0,3.0,Ryor Denní Krém Mořské Rasy
315,5.0,5.0,5.0,5.0,5.0,5.0,4.0,5.0,4.0,4.0,Ryor Denní Krém S Mořskými Rasami
316,5.0,4.0,5.0,4.0,5.0,4.0,4.0,5.0,4.0,5.0,Drunk Elephant Umbra™ Sheer Physical Daily Defense Broad Spectrum Sunscreen SPF 30
317,4.0,5.0,5.0,5.0,5.0,5.0,5.0,5.0,5.0,5.0,Murad Clarifying Toner
318,5.0,5.0,5.0,3.0,5.0,4.0,5.0,5.0,5.0,5.0,SLMD Daily Bright Niacinamide Brightening Toner
319,4.0,5.0,4.0,5.0,5.0,5.0,5.0,5.0,5.0,5.0,Holika Holika Good Cera Super Ceramide Toner
320,3.0,4.0,4.0,3.0,5.0,1.0,5.0,1.0,5.0,1.0,Dermalogica Intensive Moisture Balance
321,5.0,4.0,5.0,4.0,5.0,5.0,5.0,5.0,5.0,5.0,Paula's Choice Omega+ Complex Serum
322,5.0,5.0,5.0,5.0,5.0,1.0,5.0,,,,Tula Skincare Hello Radiance Illuminating Serum
323,5.0,5.0,4.6,4.7,4.6,4.7,4.4,4.4,,,Paula's Choice Moisture Boost Hydrating Treatment Cream
324,5.0,5.0,5.0,5.0,5.0,4.0,5.0,5.0,5.0,4.0,Dr. Barbara Sturm Super Anti-Aging Face Cream
325,3.0,4.0,4.0,3.0,5.0,1.0,5.0,1.0,5.0,1.0,Paula's Choice Calm Redness Relief Moisturizer for Normal to Dry Skin
326,5.0,5.0,5.0,5.0,4.0,5.0,5.0,5.0,5.0,4.0,Neogen Probiotics Double Action Serum
327,5.0,4.0,5.0,4.0,5.0,5.0,3.0,5.0,5.0,5.0,Murad Vitamin C Glycolic Brightening Serum
328,5.0,5.0,5.0,5.0,5.0,3.0,5.0,5.0,5.0,4.0,L'Oreal Revitalift Pro Retinol Hydrating Smoothing Serum
329,3.0,4.0,5.0,5.0,5.0,2.0,5.0,5.0,5.0,1.0,Alpha-H Balancing Moisturizer & Gentle Exfoliant with 10% Glycolic Acid
330,5.0,4.0,4.0,5.0,2.0,5.0,1.0,5.0,5.0,2.0,Goodal Apple AHA Clearing Ampoule
331,5.0,5.0,5.0,3.0,5.0,5.0,5.0,5.0,5.0,4.0,iNNBEAUTY PROJECT Slushy Serum Moisturizer Crush
332,5.0,5.0,5.0,5.0,5.0,5.0,4.0,4.0,4.0,3.0,Clinique Even Better Eyes Dark Circle Corrector
333,5.0,5.0,4.0,5.0,5.0,5.0,5.0,5.0,5.0,5.0,Dermalogica Circular Hydrating Serum
334,5.0,5.0,5.0,5.0,4.0,5.0,5.0,4.0,5.0,5.0,AHC Beauty Ten Revolution Real Eye Cream For Face
335,4.0,5.0,5.0,5.0,5.0,4.0,5.0,5.0,4.0,5.0,Nature Republic Good Skin Ampoule Mineral
336,5.0,5.0,5.0,5.0,4.0,5.0,5.0,5.0,5.0,4.0,Perricone MD Vitamin C Ester Brightening Serum
337,5.0,5.0,4.0,5.0,5.0,5.0,5.0,5.0,5.0,3.0,Tula Skincare Revitalizing Eye Cream
338,5.0,5.0,5.0,5.0,5.0,5.0,5.0,5.0,5.0,5.0,Sesderma Azelac Moisturizing Gel
339,5.0,5.0,5.0,5.0,4.0,4.0,5.0,5.0,5.0,5.0,Missha Chogongjin Youngan Premium Cream
340,4.0,4.0,4.0,5.0,4.0,5.0,5.0,4.0,5.0,5.0,Ryor Depigmentační Krém
341,5.0,5.0,4.0,3.0,5.0,5.0,4.0,4.0,5.0,5.0,Origins A Perfect World™ Age-Defense Treatment Lotion with White Tea
342,5.0,5.0,1.0,5.0,5.0,1.0,1.0,1.0,1.0,1.0,Supergoop! City Sunscreen Serum SPF 30+ PA+++
343,5.0,5.0,5.0,5.0,4.0,5.0,5.0,3.0,5.0,5.0,Round Lab 1025 Dokdo Cream
344,5.0,4.0,5.0,4.0,5.0,4.0,4.0,5.0,4.0,5.0,Q + A Collagen Face Cream
345,4.0,5.0,4.0,5.0,4.0,5.0,4.0,5.0,5.0,5.0,Sk-II Facial Treatment Clear Lotion Toner
346,5.0,5.0,5.0,5.0,5.0,5.0,4.0,5.0,4.0,4.0,Clinique Acne Solutions Clarifying Lotion
347,5.0,5.0,5.0,5.0,4.0,5.0,5.0,5.0,5.0,4.0,Origins Plantscription™ Anti-Aging Eye Treatment
348,5.0,5.0,5.0,5.0,4.0,4.0,5.0,5.0,5.0,5.0,Sesderma Azelac RU Liposomal Serum
349,4.0,5.0,2.0,3.0,5.0,5.0,3.0,5.0,5.0,4.0,Naturium Skincare Encapsulated Salicylic Acid Moisturizer 0.75%
350,5.0,5.0,5.0,5.0,4.0,5.0,5.0,5.0,5.0,4.0,Proactiv Skin Smoothing Exfoliator
351,5.0,5.0,4.0,3.0,5.0,5.0,5.0,4.0,5.0,5.0,GLAMGLOW GLOWSTARTER™
352,5.0,4.0,5.0,5.0,4.0,5.0,5.0,4.0,5.0,5.0,Dr. Barbara Sturm Face Cream Rich
353,5.0,5.0,5.0,5.0,4.0,5.0,5.0,5.0,5.0,4.0,alpyn beauty Melt Moisturizer
354,5.0,5.0,1.0,5.0,5.0,1.0,1.0,1.0,1.0,1.0,Algenist GENIUS Ultimate Anti-Aging Melting Cleanser
355,4.0,5.0,3.0,5.0,5.0,5.0,5.0,1.0,5.0,5.0,Some By Mi Snail Truecica Miracle Repair Low pH Gel Cleanser
356,4.0,5.0,3.0,5.0,5.0,5.0,5.0,1.0,5.0,5.0,Balea Eye Cream Urea (5%)
357,5.0,5.0,4.6,4.7,4.6,4.7,4.4,4.4,,,alpyn beauty PlantGenius® Creamy Bubbling Cleanser with Fruit Enzymes & AHAs
358,5.0,4.0,5.0,5.0,5.0,5.0,4.0,4.0,5.0,5.0,BRTC V10 UV Shield Moisture Essence Sun SPF 50+ PA++++
359,5.0,5.0,5.0,5.0,5.0,4.0,5.0,5.0,2.0,5.0,Olay Pore Perfecting Scrub Cleanser Berry Burst
360,4.0,5.0,4.0,5.0,4.0,4.0,4.0,5.0,4.0,4.0,Clinique Redness Solutions Daily Relief Cream with Microbiome Technology
361,5.0,5.0,4.0,5.0,5.0,5.0,5.0,5.0,5.0,5.0,Philosophy time in a bottle vitamin 100% in control serum
362,4.0,4.0,5.0,5.0,5.0,5.0,5.0,4.0,5.0,5.0,Balea Face Mask Milk & Honey
363,5.0,3.0,5.0,5.0,5.0,2.0,5.0,1.0,1.0,5.0,Shea Moisture Cannabis & Witch Hazel Skin Rescue Cream Cleanser
364,5.0,5.0,3.0,5.0,4.0,5.0,5.0,1.0,5.0,5.0,ZO Skin Health Exfoliating Cleanser
365,5.0,5.0,5.0,5.0,5.0,5.0,5.0,5.0,5.0,5.0,Beauty Pie Plantastic Overnight Miracle Face Oil
366,5.0,5.0,3.0,5.0,5.0,5.0,5.0,5.0,5.0,5.0,Estée Lauder Perfectionist Pro Rapid Firm + Lift Treatment with Acetyl Hexapeptide-8
367,5.0,2.0,5.0,5.0,4.0,4.0,5.0,5.0,1.0,5.0,Tula Skincare 24-7 Moisture Hydrating Day & Night Cream
368,5.0,4.0,5.0,5.0,5.0,5.0,5.0,5.0,5.0,5.0,Algenist GENIUS Collagen Calming Relief
369,5.0,5.0,5.0,4.0,5.0,5.0,5.0,5.0,5.0,5.0,Missha Time Revolution Primestem100 Eye Cream
370,4.0,5.0,3.0,5.0,5.0,5.0,5.0,1.0,5.0,5.0,Origins High-Potency Night-a-Mins
371,4.0,5.0,5.0,5.0,5.0,4.0,5.0,5.0,4.0,5.0,Drunk Elephant Umbra Tinte™ Physical Daily Defense SPF 30
372,5.0,5.0,5.0,5.0,5.0,5.0,3.0,4.0,5.0,5.0,Missha Apieu Lactobacillus Moisturizing Ampoule
373,4.0,5.0,3.0,1.0,1.0,,,,,,Laneige Essential Power Skin Toner for Normal to Dry Skin
374,5.0,5.0,5.0,5.0,3.0,5.0,5.0,5.0,5.0,5.0,Dermalogica Clear Start Post-Breakout Fix
375,5.0,2.0,5.0,5.0,4.0,4.0,5.0,5.0,1.0,5.0,Dr. Dennis Gross Skincare Stress Rescue Super Serum with Niacinamide
376,4.0,5.0,3.0,5.0,5.0,5.0,5.0,1.0,5.0,5.0,Neogen Surmedic Azulene Soothing Peptide Ampoule
377,5.0,5.0,5.0,5.0,5.0,5.0,3.0,5.0,5.0,5.0,Dr. Dennis Gross Skincare B³Adaptive SuperFoods™ Stress Repair Face Cream
378,5.0,5.0,5.0,5.0,5.0,4.0,5.0,5.0,4.0,5.0,Mizon Water Volume Aqua Gel Cream
379,3.0,4.0,4.0,3.0,5.0,1.0,5.0,1.0,5.0,1.0,Elemis Superfood Facial Wash
380,5.0,5.0,5.0,5.0,5.0,5.0,3.0,5.0,4.0,5.0,Tula Skincare Beauty Sleep Overnight Repair Treatment
381,4.0,5.0,3.0,1.0,1.0,,,,,,Sk-II GenOptics Spot Essence Serum
382,5.0,5.0,5.0,5.0,5.0,5.0,5.0,5.0,5.0,5.0,Truly 24k Gold Black Soap Impurity Cleanser
383,5.0,5.0,4.0,4.0,5.0,5.0,5.0,4.0,5.0,4.0,SkinBetter Science Even Tone Correcting Serum
384,4.0,5.0,5.0,4.0,5.0,5.0,5.0,5.0,5.0,5.0,Clinique City Block Sheer Oil-Free Daily Face Protector SPF 25
385,5.0,5.0,5.0,5.0,5.0,5.0,5.0,5.0,5.0,5.0,Origins Mega-Mushroom Relief & Resilience Soothing Cream
386,4.0,5.0,5.0,5.0,5.0,4.0,5.0,5.0,5.0,4.0,Lancôme Advanced Génifique Night Cream
387,5.0,5.0,5.0,5.0,5.0,5.0,5.0,4.0,5.0,5.0,Sk-II GenOptics Aura Essence Serum
388,5.0,5.0,5.0,5.0,5.0,5.0,5.0,5.0,5.0,5.0,Olehenriksen Dewtopia 5% AHA Firming Night Crème
389,5.0,4.0,5.0,5.0,5.0,5.0,4.0,4.0,5.0,5.0,La Roche-Posay Effaclar Duo[+] Unifiant
390,5.0,5.0,5.0,5.0,5.0,5.0,4.0,5.0,4.0,5.0,Olehenriksen Find Your Balance™ Oil Control Cleanser
391,3.0,5.0,5.0,5.0,5.0,5.0,5.0,3.0,5.0,5.0,Elemis Pro-Collagen Oxygenating Night Cream
392,5.0,5.0,5.0,4.0,5.0,5.0,3.0,5.0,5.0,3.0,The Ordinary Mineral UV Filters SPF 30 with Antioxidants
393,5.0,4.0,5.0,5.0,3.0,4.0,4.0,3.0,2.0,1.0,GLAMGLOW BRIGHTEYES™ Illuminating Anti-Fatigue Eye Cream
394,3.0,5.0,5.0,5.0,5.0,5.0,4.0,3.0,3.0,4.0,Balea Moisturizing Mask
395,5.0,5.0,5.0,5.0,5.0,5.0,5.0,5.0,5.0,5.0,Aveeno Clear Complexion Foaming Cleanser
396,5.0,5.0,4.0,5.0,5.0,5.0,3.0,4.0,5.0,4.0,Neutrogena Hydro Boost Overnight Hydration Cream
397,5.0,5.0,5.0,4.0,5.0,5.0,5.0,5.0,5.0,5.0,GLAMGLOW GOOD IN BED™ Night Cream
398,5.0,5.0,5.0,5.0,5.0,5.0,5.0,5.0,5.0,5.0,Origins Eye Doctor™ Moisture Care For Skin Around Eyes
399,4.0,5.0,5.0,5.0,5.0,4.0,5.0,5.0,5.0,5.0,Estée Lauder Perfectionist CP+R Wrinkle Lifting/Firming Serum
400,5.0,4.0,5.0,5.0,4.0,5.0,5.0,5.0,5.0,5.0,IT Cosmetics Confidence in a Neck Cream Moisturizer
401,3.0,5.0,5.0,5.0,5.0,5.0,4.0,3.0,3.0,4.0,Nature Republic Snail Solution Cream
402,5.0,5.0,5.0,5.0,4.0,5.0,5.0,5.0,4.0,4.0,Burt's Bees Skin Nourishment Hydrating Gel Cream for Normal to Combination Skin
403,4.0,5.0,5.0,5.0,5.0,4.0,5.0,5.0,5.0,4.0,Kate Somerville Goat Milk Moisturizing Cream
404,5.0,5.0,5.0,5.0,5.0,4.0,5.0,5.0,3.0,5.0,Urban Skin Clear Skin Cleansing Bar
405,5.0,4.6,4.7,4.6,4.7,4.4,4.4,,,,La Mer The Lifting Contour Serum
406,5.0,5.0,3.0,5.0,4.0,5.0,3.0,5.0,4.0,5.0,IMAGE skincare Vital C Hydrating Anti-Aging Serum
407,4.0,4.0,4.0,4.0,4.0,5.0,5.0,5.0,5.0,5.0,alpyn beauty Bearberry & Vitamin C Glow Serum
408,3.0,5.0,5.0,5.0,5.0,5.0,4.0,3.0,3.0,4.0,Lumene Nordic-C Day Cream - SPF 15
409,5.0,4.0,4.0,5.0,5.0,4.0,5.0,5.0,5.0,5.0,L'Oreal Revitalift Glycolic Resurfacing Gel Wash Cleanser
410,5.0,5.0,5.0,5.0,5.0,,,,,,Alpha-H Liquid Gold Firming Eye Cream
411,5.0,5.0,5.0,5.0,4.0,5.0,5.0,5.0,5.0,5.0,Nature Republic Snail Solution Eye Cream
412,4.0,5.0,4.0,5.0,5.0,5.0,5.0,5.0,5.0,5.0,Farm Stay Tea Tree Biome Calming Acne Foam
413,4.0,4.0,4.0,4.0,4.0,5.0,5.0,5.0,5.0,5.0,"Estée Lauder DayWear Advanced Multi-Protection Anti-Oxidant Creme, Normal/Combination"
414,5.0,5.0,5.0,4.0,4.0,5.0,5.0,4.0,5.0,5.0,Dr. Jart+ TEATREEMENT™ TONER
415,5.0,5.0,5.0,5.0,4.0,5.0,5.0,5.0,5.0,4.0,Tula Skincare Wrinkle Treatment Drops Retinol Alternative Serum
416,5.0,5.0,5.0,4.0,4.0,5.0,5.0,4.0,5.0,5.0,Ryor Noční Krém Se Zlatem A Arganovým Olejem
417,5.0,4.0,5.0,5.0,4.0,4.0,5.0,5.0,5.0,4.0,Garnier Pure Active Intensive Anti-Blackhead Charcoal Cleansing Gel
418,5.0,5.0,5.0,5.0,5.0,4.0,5.0,5.0,4.0,5.0,La Mer The Eye Balm Intense
419,5.0,5.0,5.0,5.0,5.0,5.0,4.0,5.0,4.0,5.0,La Mer The Moisturizing Matte Lotion
420,5.0,4.0,5.0,4.0,5.0,4.0,4.0,5.0,4.0,5.0,La Mer Genaissance de la Mer The Serum Essence
421,4.0,4.0,4.0,4.0,4.0,5.0,5.0,5.0,5.0,5.0,Dr. Jart+ Teatreement™ Moisturizer
422,5.0,5.0,5.0,5.0,4.0,5.0,5.0,5.0,5.0,4.0,Soap & Glory Peaches & Clean Deep Cleansing Milk
423,4.0,4.0,4.0,4.0,4.0,5.0,5.0,5.0,5.0,5.0,Origins Plantscription SPF 25 Power Anti-Aging Oil-Free Cream
424,4.0,4.0,5.0,5.0,5.0,5.0,4.0,5.0,5.0,5.0,Lancôme Genifique Advanced Youth Activating Eye Cream
425,5.0,2.0,5.0,1.0,1.0,5.0,,,,,Bioderma Sébium Kerato+
426,5.0,4.0,5.0,5.0,5.0,5.0,5.0,5.0,5.0,5.0,Estée Lauder NightWear Plus Moisturizer Anti-Oxidant Night Detox Creme
427,5.0,4.0,5.0,4.0,5.0,4.0,4.0,5.0,4.0,5.0,Kiehl's Ultra Facial Moisturizing Cream with Squalane
428,5.0,5.0,4.7,4.6,4.7,4.6,4.7,4.7,,,Shiseido Benefiance Wrinkle Smoothing Day Cream SPF 23
429,5.0,4.6,4.7,4.6,4.7,4.4,4.4,,,,Missha Time Revolution Night Repair Ampoule Cream 5X
430,4.0,5.0,4.0,5.0,5.0,5.0,5.0,5.0,5.0,5.0,Olay Foaming Cleanser Jelly
431,5.0,5.0,5.0,5.0,5.0,5.0,5.0,5.0,5.0,5.0,La Mer The Moisturizing Soft Cream
432,4.0,5.0,5.0,5.0,5.0,5.0,5.0,5.0,5.0,4.0,Ryor Denní Krém S Kyselinou Hyaluronovou A Arganovým Olejem
433,4.0,4.0,5.0,5.0,5.0,5.0,5.0,4.0,4.0,5.0,Coxir Ceramide Milk Drop Cream
434,5.0,3.0,5.0,5.0,5.0,5.0,5.0,5.0,5.0,5.0,La Mer Genaissance de la Mer The Infused Lotion
435,5.0,5.0,5.0,5.0,4.0,5.0,5.0,5.0,5.0,5.0,Olehenriksen Goodnight Glow Retin-ALT Sleeping Crème
436,4.0,5.0,4.0,5.0,3.0,5.0,5.0,5.0,5.0,5.0,Nivea Q10 Energy Vitamin C+E SPF15
437,4.0,5.0,4.0,5.0,5.0,5.0,5.0,5.0,5.0,5.0,Sk-II LXP Ultimate Revival Cream
438,5.0,5.0,5.0,5.0,4.0,4.0,4.0,4.0,4.0,5.0,Medik8 Advanced Night Repair
439,5.0,5.0,5.0,5.0,5.0,4.0,4.0,3.0,4.0,5.0,Kate Somerville Goat Milk Moisturizing Cleanser
440,5.0,5.0,5.0,4.0,4.0,5.0,5.0,5.0,5.0,5.0,La Mer The Moisturizing Soft Lotion
441,4.0,5.0,5.0,5.0,5.0,4.0,5.0,5.0,5.0,4.0,La Mer The Revitalizing Hydrating Serum
442,5.0,5.0,5.0,4.0,4.0,5.0,5.0,5.0,5.0,4.0,Origins VITAZING SPF 15 Energy-Boosting Moisturizer
443,5.0,5.0,5.0,4.0,4.0,5.0,5.0,5.0,5.0,4.0,Hada Labo Gokujyun Pearl Barley Face Wash
444,5.0,4.0,5.0,5.0,2.0,5.0,5.0,2.0,5.0,5.0,Sk-II R.N.A. POWER Anti-Aging Face Cream
445,5.0,5.0,5.0,5.0,4.0,5.0,5.0,5.0,5.0,5.0,Sk-II Skinpower Airy Milky Lotion
446,5.0,5.0,5.0,5.0,5.0,5.0,4.0,4.0,4.0,4.0,Garnier Pure Active Intensive Daily Exfoliation Scrub Spots & Blackheads
447,4.0,5.0,5.0,5.0,5.0,3.0,5.0,5.0,5.0,5.0,Sk-II R.N.A. POWER Anti-Aging Essence Serum
448,5.0,5.0,5.0,5.0,5.0,5.0,5.0,4.0,5.0,5.0,Burt's Bees Vitamin C + E + F Gel Cream with Lotus Extract
449,5.0,5.0,5.0,5.0,4.0,5.0,5.0,5.0,5.0,5.0,Yves Rocher Riche Creme Intensive Regenerating Care
450,5.0,5.0,3.0,3.0,5.0,5.0,5.0,5.0,3.0,5.0,Fresh Sugar Triple-Action Lip Serum Advanced Therapy
451,4.0,5.0,5.0,5.0,5.0,5.0,5.0,5.0,5.0,5.0,Burt's Bees Vitamin C + E + F Serum with Lotus Extract
452,5.0,5.0,5.0,5.0,5.0,5.0,5.0,5.0,5.0,5.0,Burt's Bees Renewal Firming Eye Cream
453,5.0,5.0,5.0,,,,,,,,Sk-II Atmosphere Airy Light UV Emulsion SPF 30 PA+++
454,5.0,4.0,4.0,5.0,5.0,5.0,5.0,5.0,5.0,4.0,Sk-II R.N.A. POWER Anti-Aging Eye Cream
455,5.0,4.0,2.0,5.0,4.0,5.0,5.0,5.0,4.0,5.0,Estée Lauder DayWear Multi-Protection Anti-Oxidant Sheer Tint Release Moisturizer Broad Spectrum SPF 15 - Normal/ Combination Skin
456,5.0,5.0,5.0,5.0,5.0,5.0,5.0,5.0,5.0,5.0,CeraVe Foaming Facial Cleanser
457,5.0,5.0,5.0,5.0,5.0,5.0,5.0,5.0,4.0,4.0,CeraVe Renewing SA Cleanser
458,5.0,5.0,3.0,3.0,5.0,5.0,5.0,5.0,3.0,5.0,La Roche-Posay Toleriane Hydrating Gentle Face Cleanser
459,4.0,5.0,5.0,5.0,5.0,5.0,5.0,5.0,5.0,4.0,The Ordinary Glycolic Acid 7% Toning Solution
460,5.0,5.0,5.0,5.0,4.0,5.0,5.0,5.0,5.0,4.0,The Ordinary AHA 30% + BHA 2% Peeling Solution
461,5.0,4.0,5.0,4.0,5.0,4.0,4.0,5.0,4.0,5.0,La Roche-Posay Toleriane Purifying Foaming Face Cleanser
462,5.0,5.0,4.0,3.0,5.0,5.0,5.0,4.0,5.0,5.0,The Ordinary Caffeine Solution 5% + EGCG
463,5.0,4.0,5.0,4.0,5.0,4.0,4.0,5.0,4.0,5.0,The INKEY List Hyaluronic Acid Hydrating Serum
464,5.0,5.0,5.0,5.0,5.0,4.0,5.0,5.0,4.0,5.0,Good Molecules Niacinamide Brightening Toner
465,5.0,5.0,4.0,5.0,1.0,5.0,5.0,5.0,5.0,5.0,Beauty of Joseon Glow Serum: Propolis + Niacinamide
466,5.0,5.0,5.0,5.0,5.0,5.0,5.0,5.0,5.0,5.0,COSRX AHA/BHA Clarifying Treatment Toner
467,5.0,5.0,3.0,5.0,4.0,5.0,3.0,5.0,4.0,5.0,Cetaphil Gentle Skin Cleanser
468,5.0,4.0,5.0,4.0,5.0,4.0,4.0,5.0,4.0,5.0,CeraVe SA Smoothing Cleanser
469,5.0,5.0,5.0,5.0,5.0,5.0,5.0,5.0,5.0,5.0,CeraVe Hydrating Cream To Foam Cleanser
470,5.0,5.0,5.0,5.0,4.0,5.0,5.0,5.0,5.0,4.0,CeraVe Resurfacing Retinol Serum
471,5.0,4.0,5.0,4.0,5.0,4.0,4.0,5.0,4.0,5.0,The INKEY List Niacinamide Serum
472,5.0,5.0,5.0,5.0,5.0,5.0,5.0,5.0,5.0,5.0,CeraVe Acne Foaming Cream Cleanser
473,4.0,5.0,4.0,5.0,5.0,5.0,5.0,5.0,5.0,5.0,The INKEY List Caffeine Eye Cream
474,5.0,5.0,5.0,4.0,5.0,5.0,5.0,4.0,5.0,4.0,Glow Recipe Watermelon Glow PHA +BHA Pore-Tight Toner
475,5.0,5.0,5.0,5.0,5.0,5.0,5.0,5.0,5.0,5.0,Peach Slices Snail Rescue Blemish Busting Toner
476,5.0,5.0,5.0,4.0,5.0,5.0,3.0,5.0,5.0,3.0,PURITO Centella Unscented Serum
477,5.0,5.0,5.0,5.0,4.0,5.0,5.0,5.0,5.0,4.0,The Ordinary Granactive Retinoid 2% Emulsion
478,5.0,5.0,4.0,4.0,5.0,5.0,5.0,4.0,5.0,4.0,The INKEY List Retinol Anti-Aging Serum
479,4.0,5.0,4.0,4.0,4.0,5.0,4.0,4.0,5.0,4.0,The Ordinary Retinol 0.5% in Squalane
480,5.0,4.0,5.0,5.0,4.0,5.0,5.0,5.0,5.0,3.0,Naturium Skincare Niacinamide Cleansing Gelée 3%
481,4.0,5.0,5.0,5.0,4.0,5.0,4.0,5.0,5.0,5.0,Paula's Choice Skin Balancing Pore-Reducing Toner
482,5.0,4.0,5.0,5.0,2.0,5.0,5.0,2.0,5.0,5.0,Mad Hippie Vitamin C Serum with Konjac Root
483,5.0,5.0,5.0,5.0,5.0,5.0,4.0,5.0,4.0,4.0,Good Molecules Niacinamide Serum
484,3.0,4.0,5.0,4.0,5.0,5.0,5.0,3.0,3.0,5.0,The Ordinary Retinol 1% in Squalane
485,5.0,4.0,5.0,4.0,5.0,4.0,4.0,5.0,4.0,5.0,Beauty of Joseon Repair Serum: Ginseng + Snail Mucin
486,5.0,4.0,5.0,5.0,4.0,5.0,5.0,5.0,5.0,3.0,The INKEY List Salicylic Acid Cleanser
487,5.0,5.0,5.0,5.0,4.0,5.0,5.0,5.0,5.0,4.0,Beauty of Joseon Glow Deep Serum: Rice + Arbutin
488,5.0,4.0,5.0,4.0,5.0,4.0,4.0,5.0,4.0,5.0,Isntree Hyaluronic Acid Watery Sun Gel SPF50+ PA++++
489,5.0,2.0,2.0,,,,,,,,CeraVe Hydrating Toner
490,4.0,4.0,4.0,4.0,5.0,3.0,5.0,5.0,4.0,4.0,FaceTheory Supergel Oil-free Moisturiser M3 for Oily and Acne-Prone Skin
491,5.0,4.0,5.0,4.0,5.0,4.0,4.0,5.0,4.0,5.0,PURITO Pure Vitamin C Serum (Renewed 2021)
492,4.0,5.0,4.0,5.0,4.0,5.0,4.0,5.0,5.0,3.0,The Ordinary Retinol 0.2% in Squalane
493,4.0,5.0,4.0,5.0,5.0,5.0,5.0,5.0,5.0,5.0,Versed Weekend Glow Daily Brightening Solution
494,4.0,5.0,4.0,5.0,5.0,5.0,5.0,5.0,5.0,5.0,COSRX Refresh AHA BHA Vitamin C (ABC) Daily Toner
495,5.0,5.0,5.0,5.0,5.0,5.0,4.0,4.0,4.0,4.0,The INKEY List 1% Retinol Serum
496,5.0,5.0,4.0,4.0,5.0,5.0,5.0,5.0,4.0,5.0,Naturium Skincare Azelaic Topical Acid 10%
497,5.0,4.0,4.0,5.0,4.0,5.0,3.0,4.0,4.0,4.0,Naturium Skincare Tranexamic Topical Acid 5%
498,4.0,5.0,5.0,5.0,4.0,3.0,5.0,5.0,3.0,5.0,NourishMax Vitamin C + B + E + Ferulic Serum
499,4.0,5.0,5.0,5.0,5.0,5.0,5.0,5.0,5.0,4.0,PURITO Pure Hyaluronic Acid 90 Serum
500,5.0,4.0,5.0,5.0,4.0,5.0,5.0,5.0,5.0,5.0,Grounded Sage Vitamin C and Probiotic Facial Serum
501,5.0,5.0,5.0,5.0,4.0,5.0,5.0,5.0,5.0,4.0,Naturium Skincare Alpha Arbutin Serum 2%
502,4.0,5.0,5.0,5.0,5.0,5.0,5.0,5.0,5.0,4.0,Paula's Choice 1% Retinol Treatment
503,5.0,5.0,4.0,5.0,1.0,5.0,5.0,5.0,5.0,5.0,Good Molecules Yerba Mate Wake Up Eye Gel
504,4.0,4.0,4.0,5.0,4.0,4.0,5.0,5.0,5.0,5.0,Peach Slices Dark Spot Microdarts
505,4.0,5.0,5.0,5.0,5.0,3.0,5.0,5.0,5.0,5.0,Urban Skin Super C Brightening Serum
506,5.0,5.0,5.0,5.0,4.0,5.0,5.0,5.0,5.0,4.0,COSRX Low pH Goodnight Soft Peeling Gel
507,4.0,4.0,4.0,5.0,4.0,4.0,5.0,5.0,5.0,5.0,Paula's Choice 10% Niacinamide Booster
508,5.0,5.0,5.0,5.0,5.0,5.0,5.0,4.0,5.0,5.0,Pixi Beauty PIXI Collagen and Retinol Serum
509,5.0,5.0,5.0,4.0,5.0,5.0,5.0,5.0,5.0,5.0,Beauty of Joseon Revive Eye Serum : Ginseng + Retinal
510,5.0,5.0,3.0,3.0,5.0,5.0,5.0,5.0,3.0,5.0,Sweet Chef Ginger + Vitamin C Oil-Free Moisturizer
511,4.0,5.0,5.0,5.0,5.0,3.0,5.0,5.0,5.0,5.0,Versed On The Rise Firming Serum
512,5.0,4.0,5.0,4.0,5.0,4.0,4.0,5.0,4.0,5.0,Versed Stroke Of Brilliance Brightening Serum
513,5.0,5.0,5.0,5.0,4.0,5.0,5.0,5.0,5.0,4.0,Derma E Skin De-Stress Calming CBD Cleanser
514,4.0,5.0,5.0,5.0,5.0,4.0,5.0,5.0,5.0,4.0,Pixi Beauty Glow Tonic
515,5.0,5.0,5.0,5.0,4.0,5.0,5.0,5.0,5.0,4.0,Peach Slices Redness Relief Soothing Serum
516,5.0,5.0,4.0,3.0,5.0,5.0,5.0,4.0,5.0,5.0,CeraVe AM Facial Moisturising Lotion SPF 25
517,4.0,5.0,3.0,5.0,3.0,5.0,4.0,5.0,3.0,5.0,e.l.f. cosmetics SuperHydrate Moisturizer
518,5.0,3.0,4.0,5.0,5.0,5.0,5.0,5.0,5.0,5.0,Maelove Eye Enhancer
519,5.0,5.0,5.0,5.0,4.0,5.0,5.0,5.0,5.0,4.0,COSRX Hydrium Watery Toner
520,5.0,5.0,4.0,5.0,1.0,5.0,5.0,5.0,5.0,5.0,Versed Vacation Eyes Brightening Eye Gel
521,5.0,5.0,5.0,5.0,5.0,4.0,4.0,5.0,5.0,5.0,Doa Kozmetik Sodium Ascorbyl Phosphate 10% Serum
522,5.0,5.0,5.0,5.0,5.0,5.0,5.0,5.0,5.0,5.0,Doa Kozmetik Sodium Ascorbyl Phosphate 5% Serum
523,4.0,5.0,5.0,5.0,5.0,4.0,5.0,5.0,5.0,4.0,Doa Kozmetik Vitamin C 8% Mix Serum
524,5.0,4.0,4.0,5.0,3.0,5.0,5.0,3.0,4.0,3.0,Doa Kozmetik Vitamin C 16% Mix Serum
525,5.0,4.0,5.0,4.0,5.0,4.0,4.0,5.0,4.0,5.0,Skintific Gentle A Retinol Renewal Moisturizer
526,5.0,4.0,5.0,4.0,5.0,4.0,4.0,5.0,4.0,5.0,Rovectin Skin Essentials Activating Treatment Lotion
527,5.0,5.0,5.0,5.0,5.0,5.0,5.0,5.0,5.0,5.0,HYGGEE Relief Chamomile Gel Toner
528,4.0,5.0,4.0,5.0,5.0,5.0,5.0,5.0,5.0,5.0,Urban Skin Even Tone Super Glow Serum
529,5.0,5.0,5.0,5.0,5.0,5.0,4.0,5.0,4.0,5.0,Derma E Hydrating Cleanser
530,5.0,4.0,5.0,5.0,4.0,4.0,4.0,4.0,4.0,5.0,Honest Beauty Honestly Pure Retinol Serum
531,5.0,4.0,2.0,5.0,4.0,5.0,5.0,5.0,4.0,5.0,Paula's Choice Resist Ultra-Light Super Antioxidant Concentrate Serum
532,5.0,4.0,5.0,4.0,5.0,4.0,4.0,5.0,4.0,5.0,JUMISO All Day Vitamin VC-IP 1.0 Firming Serum
533,5.0,4.0,5.0,4.0,5.0,4.0,4.0,5.0,4.0,5.0,Hero Cosmetics Mighty Patch Micropoint for Dark Spots
534,5.0,5.0,5.0,5.0,5.0,2.0,5.0,5.0,1.0,5.0,"EltaMD, Inc UV Clear Broad-Spectrum SPF 46"
535,5.0,5.0,5.0,5.0,4.0,4.0,4.0,5.0,5.0,5.0,Pixi Beauty pHenomenal Gel
536,5.0,3.0,5.0,3.0,4.0,5.0,5.0,5.0,5.0,5.0,SLMD Bright Future Vitamin C Serum
537,5.0,4.0,5.0,4.0,5.0,4.0,4.0,5.0,4.0,5.0,Drunk Elephant B-Hydra™ Intensive Hydration Serum
538,3.0,4.0,5.0,5.0,5.0,5.0,4.0,5.0,5.0,4.0,Paula's Choice Clinical Niacinamide 20% Treatment
539,4.0,1.0,5.0,4.0,5.0,5.0,4.0,5.0,5.0,5.0,Alpha-H Vitamin B Serum with Niacinamide
540,5.0,4.0,5.0,5.0,4.0,5.0,5.0,5.0,5.0,3.0,"L'Oreal 2.5% Hyaluronic Acid and Caffeine Eye Serum, Revitalift Filler"
541,5.0,5.0,4.0,5.0,4.0,5.0,5.0,5.0,5.0,5.0,JUMISO All Day Vitamin Brightening & Balancing Facial Serum
542,5.0,5.0,5.0,5.0,5.0,5.0,5.0,5.0,5.0,5.0,PSA SKIN Goals Multi Acids & Probiotics Perfecting Night Serum
543,5.0,5.0,5.0,5.0,5.0,2.0,5.0,5.0,1.0,5.0,Paula's Choice Resist Barrier Repair Moisturizer with Retinol
544,3.0,5.0,5.0,5.0,4.0,4.0,5.0,5.0,5.0,4.0,Urban Skin Retinol Rapid Repair and Dark Spot Treatment
545,5.0,4.0,5.0,4.0,5.0,4.0,4.0,5.0,4.0,5.0,Paula's Choice Skin Balancing Invisible Finish Moisture Gel
546,5.0,4.0,5.0,4.0,5.0,4.0,4.0,5.0,4.0,5.0,Revolution Beauty Revolution Skincare Vitamin C Dark Spot Correcting Serum
547,5.0,5.0,5.0,5.0,4.0,5.0,5.0,5.0,5.0,4.0,Skintific Gentle A Retinol Renewal Serum
548,4.0,5.0,,,,,,,,,PSA SKIN Visible Improvement Peptides & Niacinamide Serum
549,5.0,4.0,5.0,4.0,5.0,4.0,4.0,5.0,4.0,5.0,Maelove Hydrator B5 Gel
550,3.0,5.0,4.0,5.0,5.0,5.0,5.0,5.0,5.0,3.0,Skin 1004 Madagascar Centella Toning Toner
551,5.0,4.0,5.0,4.0,5.0,4.0,4.0,5.0,4.0,5.0,COSRX Triple Hyaluronic Moisture Ampoule
552,4.0,4.0,5.0,5.0,5.0,5.0,5.0,5.0,5.0,3.0,COSRX The Niacinamide 15 Serum
553,5.0,4.0,5.0,4.0,5.0,4.0,4.0,5.0,4.0,5.0,PURITO Centella Green Level Buffet Serum
554,4.0,5.0,4.0,5.0,5.0,5.0,5.0,5.0,5.0,5.0,e.l.f. cosmetics Youth Boosting Advanced Night Retinoid Serum
555,5.0,4.0,5.0,4.0,5.0,4.0,4.0,5.0,4.0,5.0,Naturium Skincare Glycolic Acid Resurfacing Gel 10%
556,4.0,4.0,5.0,5.0,5.0,5.0,5.0,5.0,5.0,5.0,FaceTheory Amil-C Whip M5
557,5.0,5.0,5.0,5.0,4.0,5.0,5.0,5.0,5.0,5.0,Niche Beauty Lab Gentle Rejuvenation Serum
558,4.0,5.0,5.0,5.0,5.0,4.0,5.0,5.0,5.0,4.0,Primark Niacinamide Serum
559,4.0,5.0,5.0,5.0,5.0,4.0,5.0,5.0,4.0,5.0,Etude House Soon Jung Cica Relief Toner
560,5.0,5.0,5.0,3.0,5.0,5.0,5.0,5.0,5.0,5.0,Urban Skin Radiant & Bright Glowing Moisturizer
561,5.0,5.0,5.0,5.0,5.0,5.0,2.0,5.0,5.0,5.0,Naturium Skincare Mandelic Topical Acid 12%
562,5.0,4.0,5.0,4.0,5.0,4.0,4.0,5.0,4.0,5.0,Versed Press Restart Gentle Retinol Serum
563,5.0,4.6,4.7,4.6,4.7,4.4,4.4,,,,Glow Recipe Guava Vitamin C Bright-Eye Gel Cream
564,5.0,4.0,5.0,4.0,5.0,4.0,4.0,5.0,4.0,5.0,Youth To The People Retinal + Niacinamide Youth Serum
565,5.0,5.0,5.0,5.0,4.0,5.0,5.0,5.0,5.0,4.0,Isntree Onion Newpair Essence Toner
566,5.0,5.0,5.0,5.0,5.0,5.0,5.0,5.0,5.0,5.0,Versed Just Breathe Clarifying Serum
567,5.0,4.0,5.0,4.0,5.0,4.0,4.0,5.0,4.0,5.0,PURITO Pure Vitamin C Serum
568,5.0,5.0,3.0,4.0,5.0,3.0,5.0,5.0,1.0,5.0,Olay Tone Perfection Serum with Vitamin B3 and Vitamin C
569,5.0,4.0,5.0,5.0,4.0,5.0,5.0,5.0,5.0,5.0,Rovectin LHA Blemish Ampoule
570,5.0,4.0,5.0,4.0,5.0,4.0,4.0,5.0,4.0,5.0,Niche Beauty Lab Retinal Age Reverse Cream Anti-Aging Facial Cream
571,5.0,4.0,5.0,5.0,2.0,4.0,5.0,3.0,5.0,1.0,Goodal Green Tangerine Vita C Dark Circle Eye Cream
572,4.0,5.0,5.0,5.0,5.0,4.0,5.0,5.0,5.0,4.0,Tia’m My Signature Red C Serum
573,5.0,5.0,5.0,5.0,5.0,5.0,4.0,5.0,4.0,4.0,L'Oreal Revitalift Derm Intensives Glycolic Acid Toner
574,5.0,5.0,5.0,5.0,4.0,5.0,5.0,5.0,5.0,4.0,The INKEY List Collagen Booster
575,5.0,5.0,5.0,5.0,5.0,5.0,4.0,5.0,5.0,5.0,JUMISO Waterfull Hyaluronic Acid Serum
576,5.0,5.0,5.0,5.0,5.0,5.0,5.0,5.0,5.0,5.0,Palmer's Skin Perfecting Ultra Hydrating Serum
577,4.0,5.0,4.0,5.0,3.0,5.0,4.0,5.0,4.0,5.0,Bliss Well Yes! Glow Boosting Multivitamin Toner
578,5.0,4.0,5.0,4.0,5.0,4.0,4.0,5.0,4.0,5.0,Skin 1004 Madagascar Centella Poremizing Clear Toner
579,4.0,4.0,5.0,5.0,4.0,5.0,5.0,5.0,5.0,5.0,Maelove Stargaze Enhanced Retinol Serum
580,5.0,4.0,5.0,5.0,5.0,5.0,4.0,5.0,5.0,3.0,Necessaire The Body Serum (Le Serum Corps)
581,5.0,5.0,5.0,5.0,5.0,5.0,4.0,5.0,4.0,4.0,Niche Beauty Lab Advanced Eye Treatment
582,5.0,5.0,5.0,5.0,4.0,5.0,5.0,5.0,5.0,4.0,Niche Beauty Lab Super C Serum
583,5.0,4.0,5.0,4.0,5.0,4.0,4.0,5.0,4.0,5.0,Urban Skin HydraFirm + Brightening Serum
584,4.0,4.0,5.0,1.0,5.0,4.0,4.0,3.0,4.0,4.0,Peach Slices Snail Rescue All-In-One Oil Free Moisturizer
585,1.0,4.6,4.7,4.6,4.7,4.4,4.4,,,,Pyunkang Yul Acne Cream
586,4.0,1.0,1.0,5.0,,,,,,,Peach Slices Snail Rescue Intensive Serum
587,5.0,5.0,5.0,4.0,5.0,5.0,5.0,5.0,5.0,4.0,AOA Skin Retinol 0.25% Tamanu Oil Moisturizer
588,5.0,5.0,3.0,5.0,5.0,,,,,,Etude House Soon Jung Cica Toner Pad
589,5.0,5.0,5.0,5.0,5.0,5.0,4.0,5.0,5.0,5.0,Naturium Skincare Multi-Peptide Moisturizer
590,5.0,5.0,5.0,5.0,4.0,5.0,5.0,5.0,5.0,4.0,Acure Brightening Tranexamic Acid Serum
591,4.0,5.0,5.0,5.0,5.0,5.0,5.0,5.0,5.0,4.0,Derma E Vitamin C Moisturizer
592,5.0,4.0,5.0,4.0,5.0,4.0,4.0,5.0,4.0,5.0,Haple Cosmic Bakuchiol + Probiotic Acne-Care Serum
593,5.0,4.0,5.0,4.0,5.0,4.0,4.0,5.0,4.0,5.0,The Purest Solutions Vita-A Rejuvenating Retinol Serum (1% Retinol + Ceramide)
594,5.0,5.0,5.0,5.0,5.0,5.0,5.0,5.0,5.0,5.0,Paula's Choice PC4MEN Nighttime Repair
595,5.0,5.0,5.0,5.0,5.0,5.0,5.0,5.0,5.0,5.0,PUCA – PURE & CARE Retinol Serum Vitamin A
596,5.0,5.0,5.0,5.0,5.0,5.0,5.0,5.0,5.0,5.0,Round Lab Soybean Nourishing Serum
597,5.0,4.0,5.0,4.0,5.0,4.0,4.0,5.0,4.0,5.0,Skin 1004 Madagascar Centella Tone Brightening Capsule Ampoule
598,4.0,4.0,5.0,4.0,5.0,4.0,5.0,3.0,5.0,2.0,SkinCeuticals Silymarin CF
599,5.0,5.0,5.0,5.0,4.0,5.0,5.0,5.0,5.0,4.0,Rovectin Skin Essentials Conditioning Cleanser
600,4.0,4.0,5.0,5.0,4.0,5.0,4.0,4.0,5.0,3.0,FaceTheory Glycolacsal Solution T4
601,5.0,5.0,4.0,5.0,4.0,5.0,5.0,5.0,5.0,5.0,Paula's Choice Extra Care Non-Greasy Sunscreen SPF 50
602,5.0,5.0,5.0,5.0,4.0,5.0,5.0,5.0,5.0,4.0,La Roche-Posay 10% Pure Vitamin C Serum
603,4.0,5.0,5.0,5.0,5.0,5.0,5.0,5.0,5.0,4.0,Shea Moisture African Black Soap Clarifying Problem Skin Toner
604,4.0,4.0,4.0,4.0,4.0,5.0,5.0,5.0,5.0,5.0,Juice Beauty Blemish Clearing Serum
605,4.0,5.0,4.0,5.0,5.0,5.0,5.0,5.0,5.0,5.0,Dr. Jetske Ultee Moisturizer - Normal To Dry Skin
606,4.0,4.0,5.0,4.0,5.0,4.0,4.0,5.0,5.0,5.0,Nature Republic Vitapair C Dark Spot Serum
607,5.0,4.0,5.0,4.0,5.0,4.0,4.0,5.0,4.0,5.0,Pixi Beauty Retinol Tonic
608,5.0,5.0,5.0,5.0,5.0,5.0,5.0,5.0,,,FaceTheory Porebright Serum N10
609,5.0,5.0,5.0,5.0,4.0,5.0,5.0,5.0,3.0,4.0,Good Molecules Overnight Exfoliating Treatment
610,5.0,5.0,5.0,4.0,4.0,5.0,5.0,5.0,5.0,4.0,Peach & Lily Cold Brew Eye Recovery Stick
611,5.0,4.0,5.0,5.0,5.0,5.0,4.0,5.0,5.0,5.0,Paula's Choice Defense Antioxidant Pore Purifier
612,4.0,4.0,5.0,3.0,2.0,5.0,5.0,4.0,4.0,1.0,Beauty Bay Skinhit 0.2% Retinol Complex Serum With Retinol And Peptides
613,4.0,4.0,4.0,5.0,3.0,5.0,4.0,3.0,5.0,4.0,Derma E Firming DMAE Eye Lift - Peptides & Vitamin B3
614,5.0,4.0,5.0,5.0,4.0,5.0,5.0,3.0,5.0,5.0,Isntree Hyaluronic Acid Toner Plus
615,5.0,4.0,5.0,4.0,5.0,4.0,4.0,5.0,4.0,5.0,Skintific 5X Ceramide Low PH Cleanser
616,5.0,5.0,5.0,5.0,5.0,5.0,,,,,Tula Skincare Glow & Get It Cooling & Brightening Eye Balm
617,5.0,5.0,5.0,5.0,5.0,3.0,4.0,3.0,5.0,3.0,Allies of Skin Peptide & Antioxidants Firming Daily Treatment
618,5.0,5.0,5.0,,,,,,,,Skin 1004 Madagascar Centella Tone Brightening Boosting Toner
619,5.0,5.0,5.0,5.0,5.0,5.0,5.0,5.0,5.0,5.0,Urban Skin Even Tone Gentle Gel Cleanser
620,5.0,4.0,4.0,4.0,5.0,5.0,4.0,3.0,5.0,5.0,Creamy Solução Ácido Tranexâmico
621,5.0,5.0,4.0,4.0,5.0,4.0,5.0,4.0,4.0,5.0,Summer Fridays Dream Oasis Deep Hydration Serum
622,5.0,4.0,5.0,4.0,5.0,4.0,4.0,5.0,4.0,5.0,The INKEY List Retinol Eye Cream
623,5.0,4.0,5.0,4.0,5.0,4.0,5.0,5.0,5.0,5.0,Sweet Chef Superfood + Vitamins Boost Moisture
624,5.0,5.0,5.0,5.0,5.0,5.0,4.0,5.0,4.0,5.0,Derma E Vitamin C Night Cream
625,5.0,5.0,4.0,5.0,5.0,5.0,5.0,5.0,5.0,3.0,Pixi Beauty Petra Vitamin-C Serum
626,5.0,5.0,5.0,5.0,5.0,4.0,5.0,5.0,4.0,5.0,JUMISO All Day Vitamin Glow Boost Facial Toner
627,5.0,5.0,4.7,4.6,4.7,4.6,4.7,4.7,,,Keys Soulcare Promise Serum
628,5.0,5.0,5.0,4.0,5.0,5.0,4.0,5.0,5.0,4.0,Isntree Hyaluronic Acid Water Essence
629,5.0,5.0,4.6,4.7,4.6,4.7,4.4,4.4,,,HYGGEE Natural Repair Serum
630,4.0,5.0,5.0,5.0,5.0,4.0,5.0,5.0,5.0,4.0,Benton Snail Bee Ultimate Toner
631,5.0,5.0,4.0,5.0,4.0,5.0,5.0,5.0,4.0,4.0,Glossier Priming Moisturizer
632,4.0,4.0,4.0,5.0,4.0,4.0,5.0,4.0,5.0,5.0,Cetaphil Bright Healthy Radiance Toner
633,4.0,4.0,4.0,3.0,4.0,4.0,5.0,3.0,3.0,5.0,Drunk Elephant T.L.C. Framboos™ Glycolic Resurfacing Night Serum
634,5.0,4.0,5.0,5.0,4.0,5.0,3.0,5.0,5.0,5.0,e.l.f. cosmetics Skin Pure Skin + Dermatologist Developed Toner
635,5.0,3.0,5.0,5.0,2.0,5.0,5.0,5.0,5.0,5.0,AOA Skin Papaya + Vitamin E Serum
636,5.0,5.0,5.0,5.0,4.0,5.0,5.0,5.0,5.0,4.0,Paula's Choice Hyaluronic Acid Booster
637,5.0,5.0,5.0,5.0,5.0,5.0,5.0,5.0,5.0,5.0,Skintific ￼2% Salicylic Acid Anti Acne Serum
638,5.0,4.0,5.0,4.0,5.0,4.0,4.0,5.0,4.0,5.0,Pixi Beauty Clarity Lotion
639,3.0,5.0,4.0,5.0,5.0,5.0,5.0,5.0,5.0,3.0,I'm From Pear Soothing Pad
640,5.0,4.0,5.0,5.0,5.0,5.0,4.0,5.0,5.0,3.0,SkinCeuticals Discoloration Defense Dark Spot Serum
641,5.0,5.0,5.0,5.0,4.0,5.0,5.0,5.0,5.0,4.0,FaceTheory Exaglow Serum S10
642,5.0,5.0,5.0,5.0,4.0,5.0,5.0,5.0,5.0,4.0,Pixi Beauty Retinol Jasmine Lotion
643,5.0,5.0,4.0,5.0,4.0,5.0,5.0,5.0,4.0,5.0,Naturium Skincare Glycolic Acid Resurfacing Solution 8%
644,4.0,4.0,5.0,5.0,5.0,5.0,5.0,4.0,4.0,5.0,The Ordinary Granactive Retinoid 2% in Squalane
645,5.0,5.0,5.0,5.0,4.0,5.0,5.0,5.0,5.0,4.0,Dr.Ceuracle Royal Vita Propolis 33 Ampoule
646,5.0,5.0,4.7,4.6,4.7,4.6,4.7,4.7,,,Geek & Gorgeous A-Game 5 0.05% Retinal Serum
647,3.0,4.0,5.0,4.0,5.0,5.0,5.0,3.0,3.0,5.0,heimish Cica Live Clear Spot Gel
648,5.0,5.0,5.0,5.0,5.0,5.0,2.0,5.0,5.0,5.0,Pixi Beauty Clarity Tonic
649,5.0,5.0,5.0,5.0,4.0,5.0,5.0,5.0,5.0,4.0,Sweet Chef Ginger and Vitamin C Dark-Spot Toner
650,5.0,5.0,4.0,4.0,5.0,5.0,5.0,4.0,5.0,4.0,Necessaire The Scalp Serum
651,5.0,4.0,5.0,4.0,5.0,4.0,4.0,5.0,4.0,5.0,PUCA – PURE & CARE EGF Peptide Serum
652,5.0,4.0,5.0,5.0,4.0,4.0,5.0,3.0,5.0,5.0,PUCA – PURE & CARE Eye Serum
653,5.0,4.0,5.0,4.0,5.0,5.0,5.0,5.0,5.0,5.0,Revolution Beauty Multi Acid Peeling Solution
654,5.0,4.0,5.0,4.0,5.0,4.0,4.0,5.0,4.0,5.0,Bliss Rest Assured Eye Cream
655,5.0,5.0,4.0,5.0,5.0,4.0,5.0,5.0,5.0,4.0,Dr.Ceuracle Hyal Reyouth Toner
656,5.0,5.0,5.0,5.0,4.0,4.0,5.0,3.0,5.0,3.0,Paula's Choice Resist Anti-Aging Clear Skin Hydrator
657,1.0,,,,,,,,,,Physician's Formula Skin Booster Vitamin Shot Hydrating
658,5.0,5.0,5.0,5.0,4.0,5.0,5.0,5.0,4.0,4.0,La Roche-Posay Effaclar Ultra Concentrated Serum
659,5.0,5.0,5.0,5.0,5.0,5.0,3.0,4.0,5.0,5.0,Dr. Denese SkinScience Hydroshield Pro Strength Serum
660,4.0,5.0,5.0,5.0,5.0,4.0,5.0,4.0,4.0,5.0,Youth To The People Peptides + C Energy Eye Concentrate
661,4.0,4.0,5.0,5.0,5.0,5.0,4.0,5.0,5.0,4.0,Doa Kozmetik Oily Skin Moisturizing Serum
662,5.0,5.0,4.0,5.0,1.0,5.0,5.0,5.0,5.0,5.0,Benton Snail Bee Ultimate Serum
663,5.0,5.0,1.0,4.0,4.0,4.0,5.0,4.0,4.0,5.0,COSRX The Vitamin C 13 Serum
664,5.0,5.0,5.0,5.0,5.0,5.0,4.0,5.0,4.0,4.0,Cos De BAHA Retinol 2.5% Facial Serum with Vitamin E
665,5.0,5.0,3.0,5.0,4.0,5.0,3.0,5.0,4.0,5.0,Murad Nutrient-Charged Water Gel
666,5.0,5.0,5.0,5.0,5.0,5.0,5.0,5.0,5.0,5.0,Paula's Choice 10% Azelaic Acid Booster
667,5.0,5.0,5.0,5.0,4.0,5.0,5.0,5.0,5.0,4.0,FaceTheory Regenacalm 2% Retinol and Vitamin C Serum S1
668,5.0,5.0,5.0,1.0,5.0,,,,,,Isntree C-Niacin Toning Ampoule
669,5.0,5.0,5.0,5.0,5.0,5.0,5.0,5.0,5.0,5.0,PUCA – PURE & CARE Eye Roll On
670,4.0,5.0,5.0,5.0,5.0,4.0,5.0,5.0,5.0,4.0,Allies of Skin Multi Nutrient Dioic Renewing Cream
671,4.0,5.0,4.0,5.0,5.0,5.0,5.0,5.0,5.0,5.0,Good Molecules Gentle Retinol Cream
672,5.0,4.0,4.0,4.0,5.0,5.0,5.0,3.0,4.0,5.0,Vichy Liftactiv B3 Serum Dark Spots & Wrinkles
673,5.0,5.0,5.0,4.0,4.0,5.0,5.0,5.0,5.0,4.0,PSA SKIN Silver Lining Dioic & Willowherb Clarifying Cream
674,5.0,5.0,4.0,5.0,5.0,5.0,5.0,5.0,5.0,3.0,Herbivore Nova 15% Vitamin C + Turmeric Brightening Serum
675,4.0,5.0,5.0,5.0,5.0,,,,,,COSRX AHA/BHA Refresh Vitamin C Daily Cream
676,5.0,5.0,5.0,5.0,5.0,5.0,4.0,4.0,4.0,4.0,Naturium Skincare Retinol Complex Serum
677,5.0,5.0,5.0,5.0,5.0,2.0,5.0,5.0,1.0,5.0,Peach Slices Acne Exfoliating Toner
678,5.0,5.0,5.0,5.0,5.0,5.0,5.0,5.0,5.0,5.0,Olay Regenerist Retinol 24 Night Facial Moisturizer
679,5.0,5.0,5.0,5.0,4.0,5.0,5.0,5.0,5.0,4.0,Sallve Sérum Uniformizador
680,4.0,4.0,4.0,4.0,4.0,5.0,5.0,5.0,5.0,5.0,The INKEY List Glycolic Acid Toner
681,5.0,5.0,5.0,4.0,5.0,5.0,5.0,5.0,5.0,4.0,Revolution Beauty 30% AHA + BHA Peeling Solution Intense Skin Exfoliator
682,5.0,4.0,5.0,5.0,5.0,5.0,4.0,4.0,5.0,5.0,I'm From Vitamin Fruit Serum
683,5.0,5.0,5.0,5.0,4.0,5.0,5.0,5.0,5.0,4.0,Kate Somerville Quench Hydrating Face Serum
684,5.0,5.0,5.0,5.0,4.0,5.0,5.0,3.0,5.0,5.0,REVOX B77 Retinol Toner
685,5.0,5.0,5.0,5.0,4.0,5.0,5.0,5.0,5.0,4.0,Skintific Symwhite 377 Dark Spot Serum
686,4.0,4.0,5.0,4.0,5.0,4.0,4.0,5.0,5.0,5.0,SLMD Retinol Serum
687,5.0,5.0,4.0,5.0,5.0,4.0,5.0,5.0,5.0,4.0,Truly Vegan Collagen Anti-Aging Face Serum
688,5.0,5.0,5.0,5.0,5.0,4.0,4.0,5.0,5.0,5.0,SkinBetter Science EyeMax AlphaRet Overnight Cream
689,5.0,5.0,5.0,5.0,4.0,5.0,5.0,5.0,5.0,4.0,L'Oreal Revitalift Derm Intensives Night Serum with 0.3% Pure Retinol
690,4.0,5.0,5.0,4.0,4.0,5.0,5.0,5.0,5.0,5.0,COSRX AHA/BHA Refresh Vitamin C Booster Serum
691,5.0,3.0,5.0,5.0,5.0,2.0,5.0,1.0,1.0,5.0,No7 Restore & Renew Multi Action Face & Neck Serum
692,,,,,,,,,,,
693,,,,,,,,,,,
694,,,,,,,,,,,
695,,,,,,,,,,,
696,,,,,,,,,,,
697,,,,,,,,,,,
698,,,,,,,,,,,
699,,,,,,,,,,,
700,,,,,,,,,,,
701,,,,,,,,,,,
702,,,,,,,,,,,
703,,,,,,,,,,,
704,,,,,,,,,,,
705,,,,,,,,,,,
706,,,,,,,,,,,
707,,,,,,,,,,,
708,,,,,,,,,,,
709,,,,,,,,,,,
710,,,,,,,,,,,
711,,,,,,,,,,,
712,,,,,,,,,,,
713,,,,,,,,,,,
714,,,,,,,,,,,
715,,,,,,,,,,,
716,,,,,,,,,,,
717,,,,,,,,,,,
718,,,,,,,,,,,
719,,,,,,,,,,,
720,,,,,,,,,,,
721,,,,,,,,,,,
722,,,,,,,,,,,
723,,,,,,,,,,,
724,,,,,,,,,,,
725,,,,,,,,,,,
726,,,,,,,,,,,
727,,,,,,,,,,,
728,,,,,,,,,,,
729,,,,,,,,,,,
730,,,,,,,,,,,
731,,,,,,,,,,,
732,,,,,,,,,,,
733,,,,,,,,,,,
734,,,,,,,,,,,
735,,,,,,,,,,,
736,,,,,,,,,,,
737,,,,,,,,,,,
738,,,,,,,,,,,
739,,,,,,,,,,,
740,,,,,,,,,,,
741,,,,,,,,,,,
742,,,,,,,,,,,
743,,,,,,,,,,,
744,,,,,,,,,,,
745,,,,,,,,,,,
746,,,,,,,,,,,
747,,,,,,,,,,,
748,,,,,,,,,,,
749,,,,,,,,,,,
750,,,,,,,,,,,
751,,,,,,,,,,,
752,,,,,,,,,,,
753,,,,,,,,,,,
754,,,,,,,,,,,
755,,,,,,,,,,,
756,,,,,,,,,,,
757,,,,,,,,,,,
758,,,,,,,,,,,
759,,,,,,,,,,,
760,,,,,,,,,,,
761,,,,,,,,,,,
762,,,,,,,,,,,
763,,,,,,,,,,,
764,,,,,,,,,,,
765,,,,,,,,,,,
766,,,,,,,,,,,
767,,,,,,,,,,,
768,,,,,,,,,,,
769,,,,,,,,,,,
770,,,,,,,,,,,
771,,,,,,,,,,,
772,,,,,,,,,,,
773,,,,,,,,,,,
774,,,,,,,,,,,
775,,,,,,,,,,,
776,,,,,,,,,,,
777,,,,,,,,,,,
778,,,,,,,,,,,
779,,,,,,,,,,,
780,,,,,,,,,,,
781,,,,,,,,,,,
782,,,,,,,,,,,
783,,,,,,,,,,,
784,,,,,,,,,,,
785,,,,,,,,,,,
786,,,,,,,,,,,
787,,,,,,,,,,,
788,,,,,,,,,,,
789,,,,,,,,,,,
790,,,,,,,,,,,
791,,,,,,,,,,,
792,,,,,,,,,,,
793,,,,,,,,,,,
794,,,,,,,,,,,
795,,,,,,,,,,,
796,,,,,,,,,,,
797,,,,,,,,,,,
798,,,,,,,,,,,
799,,,,,,,,,,,
800,,,,,,,,,,,
801,,,,,,,,,,,
802,,,,,,,,,,,
803,,,,,,,,,,,
804,,,,,,,,,,,
805,,,,,,,,,,,
806,,,,,,,,,,,
807,,,,,,,,,,,
808,,,,,,,,,,,
809,,,,,,,,,,,
810,,,,,,,,,,,
811,,,,,,,,,,,
812,,,,,,,,,,,
813,,,,,,,,,,,
814,,,,,,,,,,,
815,,,,,,,,,,,
816,,,,,,,,,,,
817,,,,,,,,,,,
818,,,,,,,,,,,
819,,,,,,,,,,,
820,,,,,,,,,,,
821,,,,,,,,,,,
822,,,,,,,,,,,
823,,,,,,,,,,,
824,,,,,,,,,,,
825,,,,,,,,,,,
826,,,,,,,,,,,
827,,,,,,,,,,,
828,,,,,,,,,,,
829,,,,,,,,,,,
830,,,,,,,,,,,
831,,,,,,,,,,,
832,,,,,,,,,,,
833,,,,,,,,,,,
834,,,,,,,,,,,
835,,,,,,,,,,,
836,,,,,,,,,,,
837,,,,,,,,,,,
838,,,,,,,,,,,
839,,,,,,,,,,,
840,,,,,,,,,,,
841,,,,,,,,,,,
842,,,,,,,,,,,
843,,,,,,,,,,,
844,,,,,,,,,,,
845,,,,,,,,,,,
846,,,,,,,,,,,
847,,,,,,,,,,,
848,,,,,,,,,,,
849,,,,,,,,,,,
850,,,,,,,,,,,
851,,,,,,,,,,,
852,,,,,,,,,,,
853,,,,,,,,,,,
854,,,,,,,,,,,
855,,,,,,,,,,,
856,,,,,,,,,,,
857,,,,,,,,,,,
858,,,,,,,,,,,
859,,,,,,,,,,,
860,,,,,,,,,,,
861,,,,,,,,,,,
862,,,,,,,,,,,
863,,,,,,,,,,,
864,,,,,,,,,,,
865,,,,,,,,,,,
866,,,,,,,,,,,
867,,,,,,,,,,,
868,,,,,,,,,,,
869,,,,,,,,,,,
870,,,,,,,,,,,
871,,,,,,,,,,,
872,,,,,,,,,,,
873,,,,,,,,,,,
874,,,,,,,,,,,
875,,,,,,,,,,,
876,,,,,,,,,,,
877,,,,,,,,,,,
878,,,,,,,,,,,
879,,,,,,,,,,,
880,,,,,,,,,,,
881,,,,,,,,,,,
882,,,,,,,,,,,
883,,,,,,,,,,,
884,,,,,,,,,,,
885,,,,,,,,,,,
886,,,,,,,,,,,
887,,,,,,,,,,,
888,,,,,,,,,,,
889,,,,,,,,,,,
890,,,,,,,,,,,
891,,,,,,,,,,,
892,,,,,,,,,,,
893,,,,,,,,,,,
894,,,,,,,,,,,
895,,,,,,,,,,,
896,,,,,,,,,,,
897,,,,,,,,,,,
898,,,,,,,,,,,
899,,,,,,,,,,,
900,,,,,,,,,,,
901,,,,,,,,,,,
902,,,,,,,,,,,
903,,,,,,,,,,,
904,,,,,,,,,,,
905,,,,,,,,,,,
906,,,,,,,,,,,
907,,,,,,,,,,,
908,,,,,,,,,,,
909,,,,,,,,,,,
910,,,,,,,,,,,
911,,,,,,,,,,,
912,,,,,,,,,,,
913,,,,,,,,,,,
914,,,,,,,,,,,
915,,,,,,,,,,,
916,,,,,,,,,,,
917,,,,,,,,,,,
918,,,,,,,,,,,
919,,,,,,,,,,,
920,,,,,,,,,,,
921,,,,,,,,,,,
922,,,,,,,,,,,
923,,,,,,,,,,,
924,,,,,,,,,,,
925,,,,,,,,,,,
926,,,,,,,,,,,
927,,,,,,,,,,,
928,,,,,,,,,,,
929,,,,,,,,,,,
930,,,,,,,,,,,
931,,,,,,,,,,,
932,,,,,,,,,,,
933,,,,,,,,,,,
934,,,,,,,,,,,
935,,,,,,,,,,,
936,,,,,,,,,,,
937,,,,,,,,,,,
938,,,,,,,,,,,
939,,,,,,,,,,,
940,,,,,,,,,,,
941,,,,,,,,,,,
942,,,,,,,,,,,
943,,,,,,,,,,,
944,,,,,,,,,,,
945,,,,,,,,,,,
946,,,,,,,,,,,
947,,,,,,,,,,,
948,,,,,,,,,,,
949,,,,,,,,,,,
950,,,,,,,,,,,
951,,,,,,,,,,,
952,,,,,,,,,,,
953,,,,,,,,,,,
954,,,,,,,,,,,
955,,,,,,,,,,,
956,,,,,,,,,,,
957,,,,,,,,,,,
958,,,,,,,,,,,
959,,,,,,,,,,,
960,,,,,,,,,,,
961,,,,,,,,,,,
962,,,,,,,,,,,
963,,,,,,,,,,,
964,,,,,,,,,,,
965,,,,,,,,,,,
966,,,,,,,,,,,
967,,,,,,,,,,,
968,,,,,,,,,,,
969,,,,,,,,,,,
970,,,,,,,,,,,
971,,,,,,,,,,,
972,,,,,,,,,,,
973,,,,,,,,,,,
974,,,,,,,,,,,
975,,,,,,,,,,,
976,,,,,,,,,,,
977,,,,,,,,,,,
978,,,,,,,,,,,
979,,,,,,,,,,,
980,,,,,,,,,,,
981,,,,,,,,,,,
982,,,,,,,,,,,
983,,,,,,,,,,,
984,,,,,,,,,,,
985,,,,,,,,,,,
986,,,,,,,,,,,
987,,,,,,,,,,,
988,,,,,,,,,,,
989,,,,,,,,,,,
990,,,,,,,,,,,
991,,,,,,,,,,,
992,,,,,,,,,,,
993,,,,,,,,,,,
994,,,,,,,,,,,
995,,,,,,,,,,,
996,,,,,,,,,,,
997,,,,,,,,,,,
998,,,,,,,,,,,
999,,,,,,,,,,,
1000,,,,,,,,,,,
1001,,,,,,,,,,,
1002,,,,,,,,,,,
1003,,,,,,,,,,,
1004,,,,,,,,,,,
1005,,,,,,,,,,,
1006,,,,,,,,,,,
1007,,,,,,,,,,,
1008,,,,,,,,,,,
1009,,,,,,,,,,,
1010,,,,,,,,,,,
1011,,,,,,,,,,,
1012,,,,,,,,,,,
1013,,,,,,,,,,,
1014,,,,,,,,,,,
1015,,,,,,,,,,,
1016,,,,,,,,,,,
1017,,,,,,,,,,,
1018,,,,,,,,,,,
1019,,,,,,,,,,,
1020,,,,,,,,,,,
1021,,,,,,,,,,,
1022,,,,,,,,,,,
1023,,,,,,,,,,,
1024,,,,,,,,,,,
1025,,,,,,,,,,,
1026,,,,,,,,,,,
1027,,,,,,,,,,,
1028,,,,,,,,,,,
1029,,,,,,,,,,,
1030,,,,,,,,,,,
1031,,,,,,,,,,,
1032,,,,,,,,,,,
1033,,,,,,,,,,,
1034,,,,,,,,,,,
1035,,,,,,,,,,,
1036,,,,,,,,,,,
1037,,,,,,,,,,,
1038,,,,,,,,,,,
1039,,,,,,,,,,,
1040,,,,,,,,,,,
1041,,,,,,,,,,,
1042,,,,,,,,,,,
1043,,,,,,,,,,,
1044,,,,,,,,,,,
1045,,,,,,,,,,,
1046,,,,,,,,,,,
1047,,,,,,,,,,,
1048,,,,,,,,,,,
1049,,,,,,,,,,,
1050,,,,,,,,,,,
1051,,,,,,,,,,,
1052,,,,,,,,,,,
1053,,,,,,,,,,,
1054,,,,,,,,,,,
1055,,,,,,,,,,,
1056,,,,,,,,,,,
1057,,,,,,,,,,,
1058,,,,,,,,,,,
1059,,,,,,,,,,,
1060,,,,,,,,,,,
1061,,,,,,,,,,,
1062,,,,,,,,,,,
1063,,,,,,,,,,,
1064,,,,,,,,,,,
1065,,,,,,,,,,,
1066,,,,,,,,,,,
1067,,,,,,,,,,,
1068,,,,,,,,,,,
1069,,,,,,,,,,,
1070,,,,,,,,,,,
1071,,,,,,,,,,,
1072,,,,,,,,,,,
1073,,,,,,,,,,,
1074,,,,,,,,,,,
1075,,,,,,,,,,,
1076,,,,,,,,,,,
1077,,,,,,,,,,,
1078,,,,,,,,,,,
1079,,,,,,,,,,,
1080,,,,,,,,,,,
1081,,,,,,,,,,,
1082,,,,,,,,,,,
1083,,,,,,,,,,,
1084,,,,,,,,,,,
1085,,,,,,,,,,,
1086,,,,,,,,,,,
1087,,,,,,,,,,,
1088,,,,,,,,,,,
1089,,,,,,,,,,,
1090,,,,,,,,,,,
1091,,,,,,,,,,,
1092,,,,,,,,,,,
1093,,,,,,,,,,,
1094,,,,,,,,,,,
1095,,,,,,,,,,,
1096,,,,,,,,,,,
1097,,,,,,,,,,,
1098,,,,,,,,,,,
1099,,,,,,,,,,,
1100,,,,,,,,,,,
1101,,,,,,,,,,,
1102,,,,,,,,,,,
1103,,,,,,,,,,,
1104,,,,,,,,,,,
1105,,,,,,,,,,,
1106,,,,,,,,,,,
1107,,,,,,,,,,,
1108,,,,,,,,,,,
1109,,,,,,,,,,,
1110,,,,,,,,,,,
1111,,,,,,,,,,,
1112,,,,,,,,,,,
1113,,,,,,,,,,,
1114,,,,,,,,,,,
1115,,,,,,,,,,,
1116,,,,,,,,,,,
1117,,,,,,,,,,,
1118,,,,,,,,,,,
1119,,,,,,,,,,,
1120,,,,,,,,,,,
1121,,,,,,,,,,,
1122,,,,,,,,,,,
1123,,,,,,,,,,,
1124,,,,,,,,,,,
1125,,,,,,,,,,,
1126,,,,,,,,,,,
1127,,,,,,,,,,,
1128,,,,,,,,,,,
1129,,,,,,,,,,,
1130,,,,,,,,,,,
1131,,,,,,,,,,,
1132,,,,,,,,,,,
1133,,,,,,,,,,,
1134,,,,,,,,,,,
1135,,,,,,,,,,,
1136,,,,,,,,,,,
1137,,,,,,,,,,,
1138,,,,,,,,,,,
1139,,,,,,,,,,,
1140,,,,,,,,,,,
1141,,,,,,,,,,,
1142,,,,,,,,,,,
1143,,,,,,,,,,,
1144,,,,,,,,,,,
1145,,,,,,,,,,,
1146,,,,,,,,,,,
1147,,,,,,,,,,,
1148,,,,,,,,,,,
1149,,,,,,,,,,,
1150,,,,,,,,,,,
1151,,,,,,,,,,,
1152,,,,,,,,,,,
1153,,,,,,,,,,,
1154,,,,,,,,,,,
1155,,,,,,,,,,,
1156,,,,,,,,,,,
1157,,,,,,,,,,,
1158,,,,,,,,,,,
1159,,,,,,,,,,,
1160,,,,,,,,,,,
1161,,,,,,,,,,,
1162,,,,,,,,,,,
1163,,,,,,,,,,,
1164,,,,,,,,,,,
1165,,,,,,,,,,,
1166,,,,,,,,,,,
1167,,,,,,,,,,,
1168,,,,,,,,,,,
1169,,,,,,,,,,,
1170,,,,,,,,,,,
1171,,,,,,,,,,,
1172,,,,,,,,,,,
1173,,,,,,,,,,,
1174,,,,,,,,,,,
1175,,,,,,,,,,,
1176,,,,,,,,,,,
1177,,,,,,,,,,,
1178,,,,,,,,,,,
1179,,,,,,,,,,,
1180,,,,,,,,,,,
1181,,,,,,,,,,,
1182,,,,,,,,,,,
1183,,,,,,,,,,,
1184,,,,,,,,,,,
1185,,,,,,,,,,,
1186,,,,,,,,,,,
1187,,,,,,,,,,,
1188,,,,,,,,,,,
1189,,,,,,,,,,,
1190,,,,,,,,,,,
1191,,,,,,,,,,,
1192,,,,,,,,,,,
1193,,,,,,,,,,,
1194,,,,,,,,,,,
1195,,,,,,,,,,,
1196,,,,,,,,,,,
1197,,,,,,,,,,,
1198,,,,,,,,,,,
1199,,,,,,,,,,,
1200,,,,,,,,,,,
1201,,,,,,,,,,,
1202,,,,,,,,,,,
1203,,,,,,,,,,,
1204,,,,,,,,,,,
1205,,,,,,,,,,,
1206,,,,,,,,,,,
1207,,,,,,,,,,,
1208,,,,,,,,,,,
1209,,,,,,,,,,,
1210,,,,,,,,,,,
1211,,,,,,,,,,,
1212,,,,,,,,,,,
1213,,,,,,,,,,,
1214,,,,,,,,,,,
1215,,,,,,,,,,,
1216,,,,,,,,,,,
1217,,,,,,,,,,,
1218,,,,,,,,,,,
1219,,,,,,,,,,,
1220,,,,,,,,,,,
1221,,,,,,,,,,,
1222,,,,,,,,,,,
1223,,,,,,,,,,,
1224,,,,,,,,,,,
1225,,,,,,,,,,,
1226,,,,,,,,,,,
1227,,,,,,,,,,,
1228,,,,,,,,,,,
1229,,,,,,,,,,,
1230,,,,,,,,,,,
1231,,,,,,,,,,,
1232,,,,,,,,,,,
1233,,,,,,,,,,,
1234,,,,,,,,,,,
1235,,,,,,,,,,,
1236,,,,,,,,,,,
1237,,,,,,,,,,,
1238,,,,,,,,,,,
1239,,,,,,,,,,,
1240,,,,,,,,,,,
1241,,,,,,,,,,,
1242,,,,,,,,,,,
1243,,,,,,,,,,,
1244,,,,,,,,,,,
1245,,,,,,,,,,,
1246,,,,,,,,,,,
1247,,,,,,,,,,,
1248,,,,,,,,,,,
1249,,,,,,,,,,,
1250,,,,,,,,,,,
1251,,,,,,,,,,,
1252,,,,,,,,,,,
1253,,,,,,,,,,,
1254,,,,,,,,,,,
1255,,,,,,,,,,,
1256,,,,,,,,,,,
1257,,,,,,,,,,,
1258,,,,,,,,,,,
1259,,,,,,,,,,,
1260,,,,,,,,,,,
1261,,,,,,,,,,,
1262,,,,,,,,,,,
1263,,,,,,,,,,,
1264,,,,,,,,,,,
1265,,,,,,,,,,,
1266,,,,,,,,,,,
1267,,,,,,,,,,,
1268,,,,,,,,,,,
1269,,,,,,,,,,,
1270,,,,,,,,,,,
1271,,,,,,,,,,,
1272,,,,,,,,,,,
1273,,,,,,,,,,,
1274,,,,,,,,,,,
1275,,,,,,,,,,,
1276,,,,,,,,,,,
1277,,,,,,,,,,,
1278,,,,,,,,,,,
1279,,,,,,,,,,,
1280,,,,,,,,,,,
1281,,,,,,,,,,,
1282,,,,,,,,,,,
1283,,,,,,,,,,,
1284,,,,,,,,,,,
1285,,,,,,,,,,,
1286,,,,,,,,,,,
1287,,,,,,,,,,,
1288,,,,,,,,,,,
1289,,,,,,,,,,,
1290,,,,,,,,,,,
1291,,,,,,,,,,,
1292,,,,,,,,,,,
1293,,,,,,,,,,,
1294,,,,,,,,,,,
1295,,,,,,,,,,,
1296,,,,,,,,,,,
1297,,,,,,,,,,,
1298,,,,,,,,,,,
1299,,,,,,,,,,,
1300,,,,,,,,,,,
1301,,,,,,,,,,,
1302,,,,,,,,,,,
1303,,,,,,,,,,,
1304,,,,,,,,,,,
1305,,,,,,,,,,,
1306,,,,,,,,,,,
1307,,,,,,,,,,,
1308,,,,,,,,,,,
1309,,,,,,,,,,,
1310,,,,,,,,,,,
1311,,,,,,,,,,,
1312,,,,,,,,,,,
1313,,,,,,,,,,,
1314,,,,,,,,,,,
1315,,,,,,,,,,,
1316,,,,,,,,,,,
1317,,,,,,,,,,,
1318,,,,,,,,,,,
1319,,,,,,,,,,,
1320,,,,,,,,,,,
1321,,,,,,,,,,,
1322,,,,,,,,,,,
1323,,,,,,,,,,,
1324,,,,,,,,,,,
1325,,,,,,,,,,,
1326,,,,,,,,,,,
1327,,,,,,,,,,,
1328,,,,,,,,,,,
1329,,,,,,,,,,,
1330,,,,,,,,,,,
1331,,,,,,,,,,,
1332,,,,,,,,,,,
1333,,,,,,,,,,,
1334,,,,,,,,,,,
1335,,,,,,,,,,,
1336,,,,,,,,,,,
1337,,,,,,,,,,,
1338,,,,,,,,,,,
1339,,,,,,,,,,,
1340,,,,,,,,,,,
1341,,,,,,,,,,,
1342,,,,,,,,,,,
1343,,,,,,,,,,,
1344,,,,,,,,,,,
1345,,,,,,,,,,,
1346,,,,,,,,,,,
1347,,,,,,,,,,,
1348,,,,,,,,,,,
1349,,,,,,,,,,,
1350,,,,,,,,,,,
1351,,,,,,,,,,,
1352,,,,,,,,,,,
1353,,,,,,,,,,,
1354,,,,,,,,,,,
1355,,,,,,,,,,,
1356,,,,,,,,,,,
1357,,,,,,,,,,,
1358,,,,,,,,,,,
1359,,,,,,,,,,,
1360,,,,,,,,,,,
1361,,,,,,,,,,,
1362,,,,,,,,,,,
1363,,,,,,,,,,,
1364,,,,,,,,,,,
1365,,,,,,,,,,,
1366,,,,,,,,,,,
1367,,,,,,,,,,,
1368,,,,,,,,,,,
1369,,,,,,,,,,,
1370,,,,,,,,,,,
1371,,,,,,,,,,,
1372,,,,,,,,,,,
1373,,,,,,,,,,,
1374,,,,,,,,,,,
1375,,,,,,,,,,,
1376,,,,,,,,,,,
1377,,,,,,,,,,,
1378,,,,,,,,,,,
1379,,,,,,,,,,,
1380,,,,,,,,,,,
1381,,,,,,,,,,,
1382,,,,,,,,,,,
1383,,,,,,,,,,,
1384,,,,,,,,,,,
1385,,,,,,,,,,,
1386,,,,,,,,,,,
1387,,,,,,,,,,,
1388,,,,,,,,,,,
1389,,,,,,,,,,,
1390,,,,,,,,,,,
1391,,,,,,,,,,,
1392,,,,,,,,,,,
1393,,,,,,,,,,,
1394,,,,,,,,,,,
1395,,,,,,,,,,,
1396,,,,,,,,,,,
1397,,,,,,,,,,,
1398,,,,,,,,,,,
1399,,,,,,,,,,,
1400,,,,,,,,,,,
1401,,,,,,,,,,,
1402,,,,,,,,,,,
1403,,,,,,,,,,,
1404,,,,,,,,,,,
1405,,,,,,,,,,,
1406,,,,,,,,,,,
1407,,,,,,,,,,,
1408,,,,,,,,,,,
1409,,,,,,,,,,,
1410,,,,,,,,,,,
1411,,,,,,,,,,,
1412,,,,,,,,,,,
1413,,,,,,,,,,,
1414,,,,,,,,,,,
1415,,,,,,,,,,,
1416,,,,,,,,,,,
1417,,,,,,,,,,,
1418,,,,,,,,,,,
1419,,,,,,,,,,,
1420,,,,,,,,,,,
1421,,,,,,,,,,,
1422,,,,,,,,,,,
1423,,,,,,,,,,,
1424,,,,,,,,,,,
1425,,,,,,,,,,,
1426,,,,,,,,,,,
1427,,,,,,,,,,,
1428,,,,,,,,,,,
1429,,,,,,,,,,,
1430,,,,,,,,,,,
1431,,,,,,,,,,,
1432,,,,,,,,,,,
1433,,,,,,,,,,,
1434,,,,,,,,,,,
1435,,,,,,,,,,,
1436,,,,,,,,,,,
1437,,,,,,,,,,,
1438,,,,,,,,,,,
1439,,,,,,,,,,,
1440,,,,,,,,,,,
1441,,,,,,,,,,,
1442,,,,,,,,,,,
1443,,,,,,,,,,,
1444,,,,,,,,,,,
1445,,,,,,,,,,,
1446,,,,,,,,,,,
1447,,,,,,,,,,,
1448,,,,,,,,,,,
1449,,,,,,,,,,,
1450,,,,,,,,,,,
1451,,,,,,,,,,,
1452,,,,,,,,,,,
1453,,,,,,,,,,,
1454,,,,,,,,,,,
1455,,,,,,,,,,,
1456,,,,,,,,,,,
1457,,,,,,,,,,,
1458,,,,,,,,,,,
1459,,,,,,,,,,,
1460,,,,,,,,,,,
1461,,,,,,,,,,,
1462,,,,,,,,,,,
1463,,,,,,,,,,,
1464,,,,,,,,,,,
1465,,,,,,,,,,,
1466,,,,,,,,,,,
1467,,,,,,,,,,,
1468,,,,,,,,,,,
1469,,,,,,,,,,,
1470,,,,,,,,,,,
1471,,,,,,,,,,,
1472,,,,,,,,,,,
1473,,,,,,,,,,,
1474,,,,,,,,,,,
1475,,,,,,,,,,,
1476,,,,,,,,,,,
1477,,,,,,,,,,,
1478,,,,,,,,,,,
1479,,,,,,,,,,,
1480,,,,,,,,,,,
1481,,,,,,,,,,,
1482,,,,,,,,,,,
1483,,,,,,,,,,,
1484,,,,,,,,,,,
1485,,,,,,,,,,,
1486,,,,,,,,,,,
1487,,,,,,,,,,,
1488,,,,,,,,,,,
1489,,,,,,,,,,,
1490,,,,,,,,,,,
1491,,,,,,,,,,,
1492,,,,,,,,,,,
1493,,,,,,,,,,,
1494,,,,,,,,,,,
1495,,,,,,,,,,,
1496,,,,,,,,,,,
1497,,,,,,,,,,,
1498,,,,,,,,,,,
1499,,,,,,,,,,,
1500,,,,,,,,,,,
1501,,,,,,,,,,,
1502,,,,,,,,,,,
1503,,,,,,,,,,,
1504,,,,,,,,,,,
1505,,,,,,,,,,,
1506,,,,,,,,,,,
1507,,,,,,,,,,,
1508,,,,,,,,,,,
1509,,,,,,,,,,,
1510,,,,,,,,,,,
1511,,,,,,,,,,,
1512,,,,,,,,,,,
1513,,,,,,,,,,,
1514,,,,,,,,,,,
1515,,,,,,,,,,,
1516,,,,,,,,,,,
1517,,,,,,,,,,,
1518,,,,,,,,,,,
1519,,,,,,,,,,,
1520,,,,,,,,,,,
1521,,,,,,,,,,,
1522,,,,,,,,,,,
1523,,,,,,,,,,,
1524,,,,,,,,,,,
1525,,,,,,,,,,,
1526,,,,,,,,,,,
1527,,,,,,,,,,,
1528,,,,,,,,,,,
1529,,,,,,,,,,,
1530,,,,,,,,,,,
1531,,,,,,,,,,,
1532,,,,,,,,,,,
1533,,,,,,,,,,,
1534,,,,,,,,,,,
1535,,,,,,,,,,,
1536,,,,,,,,,,,
1537,,,,,,,,,,,
1538,,,,,,,,,,,
1539,,,,,,,,,,,
1540,,,,,,,,,,,
1541,,,,,,,,,,,
1542,,,,,,,,,,,
1543,,,,,,,,,,,
1544,,,,,,,,,,,
1545,,,,,,,,,,,
1546,,,,,,,,,,,
1547,,,,,,,,,,,
1548,,,,,,,,,,,
1549,,,,,,,,,,,
1550,,,,,,,,,,,
1551,,,,,,,,,,,
1552,,,,,,,,,,,
1553,,,,,,,,,,,
1554,,,,,,,,,,,
1555,,,,,,,,,,,
1556,,,,,,,,,,,
1557,,,,,,,,,,,
1558,,,,,,,,,,,
1559,,,,,,,,,,,
1560,,,,,,,,,,,
1561,,,,,,,,,,,
1562,,,,,,,,,,,
1563,,,,,,,,,,,
1564,,,,,,,,,,,
1565,,,,,,,,,,,
1566,,,,,,,,,,,
1567,,,,,,,,,,,
1568,,,,,,,,,,,
1569,,,,,,,,,,,
1570,,,,,,,,,,,
1571,,,,,,,,,,,
1572,,,,,,,,,,,
1573,,,,,,,,,,,
1574,,,,,,,,,,,
1575,,,,,,,,,,,
1576,,,,,,,,,,,
1577,,,,,,,,,,,
1578,,,,,,,,,,,
1579,,,,,,,,,,,
1580,,,,,,,,,,,
1581,,,,,,,,,,,
1582,,,,,,,,,,,
1583,,,,,,,,,,,
1584,,,,,,,,,,,
1585,,,,,,,,,,,
1586,,,,,,,,,,,
1587,,,,,,,,,,,
1588,,,,,,,,,,,
1589,,,,,,,,,,,
1590,,,,,,,,,,,
1591,,,,,,,,,,,
1592,,,,,,,,,,,
1593,,,,,,,,,,,
1594,,,,,,,,,,,
1595,,,,,,,,,,,
1596,,,,,,,,,,,
1597,,,,,,,,,,,
1598,,,,,,,,,,,
1599,,,,,,,,,,,
1600,,,,,,,,,,,
1601,,,,,,,,,,,
1602,,,,,,,,,,,
1603,,,,,,,,,,,
1604,,,,,,,,,,,
1605,,,,,,,,,,,
1606,,,,,,,,,,,
1607,,,,,,,,,,,
1608,,,,,,,,,,,
1609,,,,,,,,,,,
1610,,,,,,,,,,,
1611,,,,,,,,,,,
1612,,,,,,,,,,,
1613,,,,,,,,,,,
1614,,,,,,,,,,,
1615,,,,,,,,,,,
1616,,,,,,,,,,,
1617,,,,,,,,,,,
1618,,,,,,,,,,,
1619,,,,,,,,,,,
1620,,,,,,,,,,,
1621,,,,,,,,,,,
1622,,,,,,,,,,,
1623,,,,,,,,,,,
1624,,,,,,,,,,,
1625,,,,,,,,,,,
1626,,,,,,,,,,,
1627,,,,,,,,,,,
1628,,,,,,,,,,,
1629,,,,,,,,,,,
1630,,,,,,,,,,,
1631,,,,,,,,,,,
1632,,,,,,,,,,,
1633,,,,,,,,,,,
1634,,,,,,,,,,,
1635,,,,,,,,,,,
1636,,,,,,,,,,,
1637,,,,,,,,,,,
1638,,,,,,,,,,,
1639,,,,,,,,,,,
1640,,,,,,,,,,,
1641,,,,,,,,,,,
1642,,,,,,,,,,,
1643,,,,,,,,,,,
1644,,,,,,,,,,,
1645,,,,,,,,,,,
1646,,,,,,,,,,,
1647,,,,,,,,,,,
1648,,,,,,,,,,,
1649,,,,,,,,,,,
1650,,,,,,,,,,,
1651,,,,,,,,,,,
1652,,,,,,,,,,,
1653,,,,,,,,,,,
1654,,,,,,,,,,,
1655,,,,,,,,,,,
1656,,,,,,,,,,,
1657,,,,,,,,,,,
1658,,,,,,,,,,,
1659,,,,,,,,,,,
1660,,,,,,,,,,,
1661,,,,,,,,,,,
1662,,,,,,,,,,,
1663,,,,,,,,,,,
1664,,,,,,,,,,,
1665,,,,,,,,,,,
1666,,,,,,,,,,,
1667,,,,,,,,,,,
1668,,,,,,,,,,,
1669,,,,,,,,,,,
1670,,,,,,,,,,,
1671,,,,,,,,,,,
1672,,,,,,,,,,,
1673,,,,,,,,,,,
1674,,,,,,,,,,,
1675,,,,,,,,,,,
1676,,,,,,,,,,,
1677,,,,,,,,,,,
1678,,,,,,,,,,,
1679,,,,,,,,,,,
1680,,,,,,,,,,,
1681,,,,,,,,,,,
1682,,,,,,,,,,,
1683,,,,,,,,,,,
1684,,,,,,,,,,,
1685,,,,,,,,,,,
1686,,,,,,,,,,,
1687,,,,,,,,,,,
1688,,,,,,,,,,,
1689,,,,,,,,,,,
1690,,,,,,,,,,,
1691,,,,,,,,,,,
1692,,,,,,,,,,,
1693,,,,,,,,,,,
1694,,,,,,,,,,,
1695,,,,,,,,,,,
1696,,,,,,,,,,,
1697,,,,,,,,,,,
1698,,,,,,,,,,,
1699,,,,,,,,,,,
1700,,,,,,,,,,,
1701,,,,,,,,,,,
1702,,,,,,,,,,,
1703,,,,,,,,,,,
1704,,,,,,,,,,,
1705,,,,,,,,,,,
1706,,,,,,,,,,,
1707,,,,,,,,,,,
1708,,,,,,,,,,,
1709,,,,,,,,,,,
1710,,,,,,,,,,,
1711,,,,,,,,,,,
1712,,,,,,,,,,,
1713,,,,,,,,,,,
1714,,,,,,,,,,,
1715,,,,,,,,,,,
1716,,,,,,,,,,,
1717,,,,,,,,,,,
1718,,,,,,,,,,,
1719,,,,,,,,,,,
1720,,,,,,,,,,,
1721,,,,,,,,,,,
1722,,,,,,,,,,,
1723,,,,,,,,,,,
1724,,,,,,,,,,,
1725,,,,,,,,,,,
1726,,,,,,,,,,,
1727,,,,,,,,,,,
1728,,,,,,,,,,,
1729,,,,,,,,,,,
1730,,,,,,,,,,,
1731,,,,,,,,,,,
1732,,,,,,,,,,,
1733,,,,,,,,,,,
1734,,,,,,,,,,,
1735,,,,,,,,,,,
1736,,,,,,,,,,,
1737,,,,,,,,,,,
1738,,,,,,,,,,,
1739,,,,,,,,,,,
1740,,,,,,,,,,,
1741,,,,,,,,,,,
1742,,,,,,,,,,,
1743,,,,,,,,,,,
1744,,,,,,,,,,,
1745,,,,,,,,,,,
1746,,,,,,,,,,,
1747,,,,,,,,,,,
1748,,,,,,,,,,,
1749,,,,,,,,,,,
1750,,,,,,,,,,,
1751,,,,,,,,,,,
1752,,,,,,,,,,,
1753,,,,,,,,,,,
1754,,,,,,,,,,,
1755,,,,,,,,,,,
1756,,,,,,,,,,,
1757,,,,,,,,,,,
1758,,,,,,,,,,,
1759,,,,,,,,,,,
1760,,,,,,,,,,,
1761,,,,,,,,,,,
1762,,,,,,,,,,,
1763,,,,,,,,,,,
1764,,,,,,,,,,,
1765,,,,,,,,,,,
1766,,,,,,,,,,,
1767,,,,,,,,,,,
1768,,,,,,,,,,,
1769,,,,,,,,,,,
1770,,,,,,,,,,,
1771,,,,,,,,,,,
1772,,,,,,,,,,,
1773,,,,,,,,,,,
1774,,,,,,,,,,,
1775,,,,,,,,,,,
1776,,,,,,,,,,,
1777,,,,,,,,,,,
1778,,,,,,,,,,,
1779,,,,,,,,,,,
1780,,,,,,,,,,,
1781,,,,,,,,,,,
1782,,,,,,,,,,,
1783,,,,,,,,,,,
1784,,,,,,,,,,,
1785,,,,,,,,,,,
1786,,,,,,,,,,,
1787,,,,,,,,,,,
1788,,,,,,,,,,,
1789,,,,,,,,,,,
1790,,,,,,,,,,,
1791,,,,,,,,,,,
1792,,,,,,,,,,,
1793,,,,,,,,,,,
1794,,,,,,,,,,,
1795,,,,,,,,,,,
1796,,,,,,,,,,,
1797,,,,,,,,,,,
1798,,,,,,,,,,,
1799,,,,,,,,,,,
1800,,,,,,,,,,,
1801,,,,,,,,,,,
1802,,,,,,,,,,,
1803,,,,,,,,,,,
1804,,,,,,,,,,,
1805,,,,,,,,,,,
1806,,,,,,,,,,,
1807,,,,,,,,,,,
1808,,,,,,,,,,,
1809,,,,,,,,,,,
1810,,,,,,,,,,,
1811,,,,,,,,,,,
1812,,,,,,,,,,,
1813,,,,,,,,,,,
1814,,,,,,,,,,,
1815,,,,,,,,,,,
1816,,,,,,,,,,,
1817,,,,,,,,,,,
1818,,,,,,,,,,,
1819,,,,,,,,,,,
1820,,,,,,,,,,,
1821,,,,,,,,,,,
1822,,,,,,,,,,,
1823,,,,,,,,,,,
1824,,,,,,,,,,,
1825,,,,,,,,,,,
1826,,,,,,,,,,,
1827,,,,,,,,,,,
1828,,,,,,,,,,,
1829,,,,,,,,,,,
1830,,,,,,,,,,,
1831,,,,,,,,,,,
1832,,,,,,,,,,,
1833,,,,,,,,,,,
1834,,,,,,,,,,,
1835,,,,,,,,,,,
1836,,,,,,,,,,,
1837,,,,,,,,,,,
1838,,,,,,,,,,,
1839,,,,,,,,,,,
1840,,,,,,,,,,,
1841,,,,,,,,,,,
1842,,,,,,,,,,,
1843,,,,,,,,,,,
1844,,,,,,,,,,,
1845,,,,,,,,,,,
1846,,,,,,,,,,,
1847,,,,,,,,,,,
1848,,,,,,,,,,,
1849,,,,,,,,,,,
1850,,,,,,,,,,,
1851,,,,,,,,,,,
1852,,,,,,,,,,,
1853,,,,,,,,,,,
1854,,,,,,,,,,,
1855,,,,,,,,,,,
1856,,,,,,,,,,,
1857,,,,,,,,,,,
1858,,,,,,,,,,,
1859,,,,,,,,,,,
1860,,,,,,,,,,,
1861,,,,,,,,,,,
1862,,,,,,,,,,,
1863,,,,,,,,,,,
1864,,,,,,,,,,,
1865,,,,,,,,,,,
1866,,,,,,,,,,,
1867,,,,,,,,,,,
1868,,,,,,,,,,,
1869,,,,,,,,,,,
1870,,,,,,,,,,,
1871,,,,,,,,,,,
1872,,,,,,,,,,,
1873,,,,,,,,,,,
1874,,,,,,,,,,,
1875,,,,,,,,,,,
1876,,,,,,,,,,,
1877,,,,,,,,,,,
1878,,,,,,,,,,,
1879,,,,,,,,,,,
1880,,,,,,,,,,,
1881,,,,,,,,,,,
1882,,,,,,,,,,,
1883,,,,,,,,,,,
1884,,,,,,,,,,,
1885,,,,,,,,,,,
1886,,,,,,,,,,,
1887,,,,,,,,,,,
1888,,,,,,,,,,,
1889,,,,,,,,,,,
1890,,,,,,,,,,,
1891,,,,,,,,,,,
1892,,,,,,,,,,,
1893,,,,,,,,,,,
1894,,,,,,,,,,,
1895,,,,,,,,,,,
1896,,,,,,,,,,,
1897,,,,,,,,,,,
1898,,,,,,,,,,,
1899,,,,,,,,,,,
1900,,,,,,,,,,,
1901,,,,,,,,,,,
1902,,,,,,,,,,,
1903,,,,,,,,,,,
1904,,,,,,,,,,,
1905,,,,,,,,,,,
1906,,,,,,,,,,,
1907,,,,,,,,,,,
1908,,,,,,,,,,,
1909,,,,,,,,,,,
1910,,,,,,,,,,,
1911,,,,,,,,,,,
1912,,,,,,,,,,,
1913,,,,,,,,,,,
1914,,,,,,,,,,,
1915,,,,,,,,,,,
1916,,,,,,,,,,,
1917,,,,,,,,,,,
1918,,,,,,,,,,,
1919,,,,,,,,,,,
1920,,,,,,,,,,,
1921,,,,,,,,,,,
1922,,,,,,,,,,,
1923,,,,,,,,,,,
1924,,,,,,,,,,,
1925,,,,,,,,,,,
1926,,,,,,,,,,,
1927,,,,,,,,,,,
1928,,,,,,,,,,,
1929,,,,,,,,,,,
1930,,,,,,,,,,,
1931,,,,,,,,,,,
1932,,,,,,,,,,,
1933,,,,,,,,,,,
1934,,,,,,,,,,,
1935,,,,,,,,,,,
1936,,,,,,,,,,,
1937,,,,,,,,,,,
1938,,,,,,,,,,,
1939,,,,,,,,,,,
1940,,,,,,,,,,,
1941,,,,,,,,,,,
1942,,,,,,,,,,,
1943,,,,,,,,,,,
1944,,,,,,,,,,,
1945,,,,,,,,,,,
1946,,,,,,,,,,,
1947,,,,,,,,,,,
1948,,,,,,,,,,,
1949,,,,,,,,,,,
1950,,,,,,,,,,,
1951,,,,,,,,,,,
1952,,,,,,,,,,,
1953,,,,,,,,,,,
1954,,,,,,,,,,,
1955,,,,,,,,,,,
1956,,,,,,,,,,,
1957,,,,,,,,,,,
1958,,,,,,,,,,,
1959,,,,,,,,,,,
1960,,,,,,,,,,,
1961,,,,,,,,,,,
1962,,,,,,,,,,,
1963,,,,,,,,,,,
1964,,,,,,,,,,,
1965,,,,,,,,,,,
1966,,,,,,,,,,,
1967,,,,,,,,,,,
1968,,,,,,,,,,,
1969,,,,,,,,,,,
1970,,,,,,,,,,,
1971,,,,,,,,,,,
1972,,,,,,,,,,,
1973,,,,,,,,,,,
1974,,,,,,,,,,,
1975,,,,,,,,,,,
1976,,,,,,,,,,,
1977,,,,,,,,,,,
1978,,,,,,,,,,,
1979,,,,,,,,,,,
1980,,,,,,,,,,,
1981,,,,,,,,,,,
1982,,,,,,,,,,,
1983,,,,,,,,,,,
1984,,,,,,,,,,,
1985,,,,,,,,,,,
1986,,,,,,,,,,,
1987,,,,,,,,,,,
1988,,,,,,,,,,,
1989,,,,,,,,,,,
1990,,,,,,,,,,,
1991,,,,,,,,,,,
1992,,,,,,,,,,,
1993,,,,,,,,,,,
1994,,,,,,,,,,,
